採番,流域平均累加雨量,最大降雨強度（流域平均）,継続時間,台風直接時間,台風間接時間,前線時間,線状降水帯時間,開始,終了,SST,アンサンブル,開始時刻,終了時刻,開始年,開始月,開始日,開始時,終了年,終了月,終了日,終了時,気象場DSOM
1,101.94,7.86,83,48.5,34.5,18,0,12026,12191,HPB,1,1951-09-08 12:30:00,1951-09-11 23:00:00,1951,9,8,12,1951,9,12,0,8
2,33.39,3.69,32.5,0,0,0,0,28489,28553,HPB,1,1952-08-16 12:00:00,1952-08-17 20:00:00,1952,8,16,12,1952,8,17,18,2
3,39.64,4.14,20.5,0,0,6,0,48795,48835,HPB,1,1953-10-13 13:00:00,1953-10-14 09:00:00,1953,10,13,12,1953,10,14,12,9
4,45.085,2.34,85.5,0,23,36,0,63744,63914,HPB,1,1954-08-20 23:30:00,1954-08-24 12:30:00,1954,8,21,0,1954,8,24,12,2
5,49.405,3.4,59.5,0,0,12,0,64105,64223,HPB,1,1954-08-28 12:00:00,1954-08-30 23:00:00,1954,8,28,12,1954,8,31,0,2
6,35.71,5.5,22.5,0,0,12,0,83921,83965,HPB,1,1955-10-15 08:00:00,1955-10-16 06:00:00,1955,10,15,6,1955,10,16,6,13
7,21.47,1.89,58.5,0,0,18,0,101335,101451,HPB,1,1956-10-12 03:00:00,1956-10-14 13:00:00,1956,10,12,6,1956,10,14,12,13
8,67.35,4.47,53,0,0,12,0,101651,101756,HPB,1,1956-10-18 17:00:00,1956-10-20 21:30:00,1956,10,18,18,1956,10,21,0,13
9,33.255,5.27,17,0,0,0,0,118952,118985,HPB,1,1957-10-14 03:30:00,1957-10-14 20:00:00,1957,10,14,6,1957,10,14,18,8
10,38.55,1.13,150,22,67,0,0,119270,119569,HPB,1,1957-10-20 18:30:00,1957-10-27 00:00:00,1957,10,20,18,1957,10,27,0,8
11,41.78,5.04,39,25,14,18,0,135033,135110,HPB,1,1958-09-14 04:00:00,1958-09-15 18:30:00,1958,9,14,6,1958,9,15,18,12
12,29.705,4.45,38,0,0,0,0,150367,150442,HPB,1,1959-07-30 15:00:00,1959-08-01 04:30:00,1959,7,30,18,1959,8,1,6,8
13,31,1.34,64,0,0,0,0,168688,168815,HPB,1,1960-08-15 07:30:00,1960-08-17 23:00:00,1960,8,15,6,1960,8,18,0,2
14,42.88,3.73,35.5,0,0,18,0,188728,188798,HPB,1,1961-10-06 19:30:00,1961-10-08 06:30:00,1961,10,6,18,1961,10,8,6,8
15,58.535,2.88,71.5,0,0,0,0,224145,224287,HPB,1,1963-10-14 16:00:00,1963-10-17 15:00:00,1963,10,14,18,1963,10,17,18,9
16,32.815,3.47,35.5,23,12.5,6,0,237066,237136,HPB,1,1964-07-09 20:30:00,1964-07-11 07:30:00,1964,7,9,18,1964,7,11,6,8
17,32.57,4.66,24,2,22,0,0,254992,255039,HPB,1,1965-07-18 07:30:00,1965-07-19 07:00:00,1965,7,18,6,1965,7,19,6,10
18,44.43,3.12,103.5,0,0,6,0,276402,276608,HPB,1,1966-10-07 08:30:00,1966-10-11 15:30:00,1966,10,7,6,1966,10,11,18,10
19,24.945,2.86,39,31,8,0,0,294024,294101,HPB,1,1967-10-09 11:30:00,1967-10-11 02:00:00,1967,10,9,12,1967,10,11,0,12
20,23.355,2.91,32.5,0,8,0,0,294118,294182,HPB,1,1967-10-11 10:30:00,1967-10-12 18:30:00,1967,10,11,12,1967,10,12,18,12
21,26.655,3.64,60,0,13,6,0,311484,311603,HPB,1,1968-10-07 05:30:00,1968-10-09 17:00:00,1968,10,7,6,1968,10,9,18,12
22,24.445,2.02,56,0,0,0,0,327942,328053,HPB,1,1969-09-15 02:30:00,1969-09-17 10:00:00,1969,9,15,0,1969,9,17,12,12
23,31.255,2.66,37,18.5,23,0,0,328337,328410,HPB,1,1969-09-23 08:00:00,1969-09-24 20:30:00,1969,9,23,6,1969,9,24,18,2
24,23.17,3.62,37,0,0,12,0,341511,341584,HPB,1,1970-06-24 19:00:00,1970-06-26 07:30:00,1970,6,24,18,1970,6,26,6,2
25,68.205,6.65,37,0,0,6,0,341786,341859,HPB,1,1970-06-30 12:30:00,1970-07-02 01:00:00,1970,6,30,12,1970,7,2,0,8
26,64.195,4.6,83,0,0,0,0,361819,361984,HPB,1,1971-08-21 21:00:00,1971-08-25 07:30:00,1971,8,22,0,1971,8,25,6,9
27,30.6,2.66,51,0,0,0,0,383309,383410,HPB,1,1972-11-11 14:00:00,1972-11-13 16:30:00,1972,11,11,12,1972,11,13,18,9
28,25.745,2.3,92.5,0,0,18,0,399147,399331,HPB,1,1973-10-07 13:00:00,1973-10-11 09:00:00,1973,10,7,12,1973,10,11,12,9
29,26.42,1.53,56.5,0,0,0,0,414363,414475,HPB,1,1974-08-20 13:00:00,1974-08-22 21:00:00,1974,8,20,12,1974,8,23,0,2
30,42.055,4.65,18.5,0.5,18,18,0,414764,414800,HPB,1,1974-08-28 21:30:00,1974-08-29 15:30:00,1974,8,29,0,1974,8,29,18,2
31,46.795,1.99,89,0,0,66,0,429700,429877,HPB,1,1975-07-06 01:30:00,1975-07-09 18:00:00,1975,7,6,0,1975,7,9,18,2
32,27.825,1.67,58.5,0,0,54,0,448761,448877,HPB,1,1976-08-06 04:00:00,1976-08-08 14:00:00,1976,8,6,6,1976,8,8,12,9
33,51.355,3.76,50.5,21,22.5,24,0,468898,468998,HPB,1,1977-09-29 16:30:00,1977-10-01 18:30:00,1977,9,29,18,1977,10,1,18,2
34,43.585,2.25,59.5,0,0,48,0,481991,482109,HPB,1,1978-06-29 11:00:00,1978-07-01 22:00:00,1978,6,29,12,1978,7,2,0,8
35,26.155,2.59,42,0,0,18,0,499907,499990,HPB,1,1979-07-07 17:00:00,1979-07-09 10:30:00,1979,7,7,18,1979,7,9,12,8
36,64.975,4.25,52,0,0,12,0,500365,500468,HPB,1,1979-07-17 06:00:00,1979-07-19 09:30:00,1979,7,17,6,1979,7,19,12,8
37,38.505,4.12,38,0,0,6,0,519749,519824,HPB,1,1980-08-24 02:00:00,1980-08-25 15:30:00,1980,8,24,0,1980,8,25,18,8
38,66.275,4.64,74,0,5.5,30,0,520002,520149,HPB,1,1980-08-29 08:30:00,1980-09-01 10:00:00,1980,8,29,6,1980,9,1,12,11
39,27.175,2.36,67,0,0,24,0,537710,537843,HPB,1,1981-09-02 06:30:00,1981-09-05 01:00:00,1981,9,2,6,1981,9,5,0,2
40,27.035,3.85,26,18.5,7.5,6,0,552620,552671,HPB,1,1982-07-09 21:30:00,1982-07-10 23:00:00,1982,7,10,0,1982,7,11,0,2
41,34.92,3.3,87,0,0,24,0,569518,569691,HPB,1,1983-06-26 22:30:00,1983-06-30 13:00:00,1983,6,27,0,1983,6,30,12,8
42,62.455,1.86,76,0,0,0,0,591569,591720,HPB,1,1984-09-28 08:00:00,1984-10-01 11:30:00,1984,9,28,6,1984,10,1,12,12
43,88.5,4.14,80,26,22.5,30,0,607788,607947,HPB,1,1985-09-01 05:30:00,1985-09-04 13:00:00,1985,9,1,6,1985,9,4,12,9
44,30.265,4.15,45.5,0,0,12,0,626843,626933,HPB,1,1986-10-03 05:00:00,1986-10-05 02:00:00,1986,10,3,6,1986,10,5,0,9
45,48.51,4.7,48.5,24,22,6,0,627246,627342,HPB,1,1986-10-11 14:30:00,1986-10-13 14:30:00,1986,10,11,12,1986,10,13,12,9
46,44.64,2.8,90,0,0,0,0,646070,646249,HPB,1,1987-11-07 18:30:00,1987-11-11 12:00:00,1987,11,7,18,1987,11,11,12,7
47,93.225,3.79,100,0,0,30,0,658707,658906,HPB,1,1988-07-28 01:00:00,1988-08-01 04:30:00,1988,7,28,0,1988,8,1,6,2
48,24.715,5.14,17.5,0,0,12,0,677965,677999,HPB,1,1989-09-02 06:00:00,1989-09-02 23:00:00,1989,9,2,6,1989,9,3,0,2
49,32.155,3.53,42,0,0,18,0,678271,678354,HPB,1,1989-09-08 15:00:00,1989-09-10 08:30:00,1989,9,8,18,1989,9,10,6,2
50,48.855,3.59,77,0,37,30,0,678372,678525,HPB,1,1989-09-10 17:30:00,1989-09-13 22:00:00,1989,9,10,18,1989,9,14,0,2
51,43.705,3.43,49.5,0,0,18,0,697404,697502,HPB,1,1990-10-12 05:30:00,1990-10-14 06:30:00,1990,10,12,6,1990,10,14,6,13
52,56.11,7.84,57,41.5,15.5,6,0,710820,710933,HPB,1,1991-07-18 17:30:00,1991-07-21 02:00:00,1991,7,18,18,1991,7,21,0,2
53,33.43,2.21,58.5,0,0,60,0,730588,730704,HPB,1,1992-09-02 13:30:00,1992-09-04 23:30:00,1992,9,2,12,1992,9,5,0,8
54,47.14,3.14,41,0,0,0,0,749890,749971,HPB,1,1993-10-09 16:30:00,1993-10-11 09:00:00,1993,10,9,18,1993,10,11,12,13
55,44.705,6.33,30.5,0,0,24,0,765524,765584,HPB,1,1994-08-31 09:30:00,1994-09-01 15:30:00,1994,8,31,12,1994,9,1,18,2
56,21.925,3.01,31.5,0,5.5,12,0,765607,765669,HPB,1,1994-09-02 03:00:00,1994-09-03 10:00:00,1994,9,2,6,1994,9,3,12,2
57,32.005,3.28,50.5,23.5,27,12,0,784090,784190,HPB,1,1995-09-22 04:30:00,1995-09-24 06:30:00,1995,9,22,6,1995,9,24,6,4
58,50.08,7.12,93.5,0,0,0,0,799090,799276,HPB,1,1996-07-30 16:30:00,1996-08-03 13:30:00,1996,7,30,18,1996,8,3,12,2
59,27.965,3.13,42,17,25,0,0,816882,816965,HPB,1,1997-08-05 08:30:00,1997-08-07 02:00:00,1997,8,5,6,1997,8,7,0,2
60,34.485,4.07,65,0,22.5,18,0,817194,817323,HPB,1,1997-08-11 20:30:00,1997-08-14 13:00:00,1997,8,11,18,1997,8,14,12,2
61,69.035,6.08,77.5,56.5,21,54,0,834735,834889,HPB,1,1998-08-12 07:00:00,1998-08-15 12:00:00,1998,8,12,6,1998,8,15,12,2
62,49.56,2.46,72,38,29,12,0,870384,870527,HPB,1,2000-08-23 23:30:00,2000-08-26 23:00:00,2000,8,24,0,2000,8,27,0,2
63,26.82,2.24,67,15,41.5,0,0,889988,890121,HPB,1,2001-10-06 09:30:00,2001-10-09 04:00:00,2001,10,6,12,2001,10,9,6,7
64,53.75,3.5,116,0,0,18,0,890266,890497,HPB,1,2001-10-12 04:30:00,2001-10-17 00:00:00,2001,10,12,6,2001,10,17,0,7
65,21.155,4.64,12.5,12.5,0,6,0,903017,903041,HPB,1,2002-07-04 20:00:00,2002-07-05 08:00:00,2002,7,4,18,2002,7,5,6,2
66,66.335,7.96,22,0,0,6,0,923398,923441,HPB,1,2003-09-02 10:30:00,2003-09-03 08:00:00,2003,9,2,12,2003,9,3,6,12
67,57.665,5.34,42.5,17,25.5,6,0,940920,941004,HPB,1,2004-09-01 11:30:00,2004-09-03 05:30:00,2004,9,1,12,2004,9,3,6,12
68,61.94,5.72,63,0,0,36,0,959083,959208,HPB,1,2005-09-14 21:00:00,2005-09-17 11:30:00,2005,9,15,0,2005,9,17,12,9
69,23.77,3.09,73.5,0,0,0,0,979583,979729,HPB,1,2006-11-15 23:00:00,2006-11-19 00:00:00,2006,11,16,0,2006,11,19,0,13
70,43.485,2.32,44.5,0,0,6,0,991768,991856,HPB,1,2007-07-27 19:30:00,2007-07-29 15:30:00,2007,7,27,18,2007,7,29,18,8
71,42.55,4.19,31,0,0,0,0,991906,991967,HPB,1,2007-07-30 16:30:00,2007-07-31 23:00:00,2007,7,30,18,2007,8,1,0,8
72,83.895,5.91,39.5,0,0,18,0,1013350,1013428,HPB,1,2008-10-19 10:30:00,2008-10-21 01:30:00,2008,10,19,12,2008,10,21,0,12
73,85.12,12.4,60,0,28,6,0,1027379,1027498,HPB,1,2009-08-07 17:00:00,2009-08-10 04:30:00,2009,8,7,18,2009,8,10,6,2
74,35.64,3.11,89.5,0,0,0,0,1045106,1045284,HPB,1,2010-08-12 00:30:00,2010-08-15 17:30:00,2010,8,12,0,2010,8,15,18,2
75,32.89,2.01,36,0,0,36,0,1045687,1045758,HPB,1,2010-08-24 03:00:00,2010-08-25 14:30:00,2010,8,24,6,2010,8,25,12,2
1,38.485,3.47,34.5,4,17.5,30,7,12127,12195,HPB,2,1951-09-10 15:00:00,1951-09-12 01:00:00,1951,9,10,18,1951,9,12,0,8
2,56.925,2.33,69,0,0,0,0,29037,29174,HPB,2,1952-08-27 22:00:00,1952-08-30 18:30:00,1952,8,28,0,1952,8,30,18,2
3,39.105,5.34,61,0,32.5,66,0,46993,47114,HPB,2,1953-09-06 00:00:00,1953-09-08 12:30:00,1953,9,6,0,1953,9,8,12,9
4,34.28,3.96,22.5,0,7.5,0,0,65411,65455,HPB,2,1954-09-24 17:00:00,1954-09-25 15:00:00,1954,9,24,18,1954,9,25,18,2
5,39.38,2,66.5,0,0,6,0,79280,79412,HPB,2,1955-07-10 15:30:00,1955-07-13 09:30:00,1955,7,10,18,1955,7,13,12,2
6,22.665,1.78,71.5,0,0,0,0,103497,103639,HPB,2,1956-11-26 04:00:00,1956-11-29 03:00:00,1956,11,26,6,1956,11,29,6,13
7,33.315,2.06,48,0,19,0,0,118558,118653,HPB,2,1957-10-05 22:30:00,1957-10-07 22:00:00,1957,10,6,0,1957,10,8,0,13
8,31.35,2.83,63,0,0,12,0,136264,136389,HPB,2,1958-10-09 19:30:00,1958-10-12 10:00:00,1958,10,9,18,1958,10,12,12,13
9,31.82,2.83,42,10,27,48,0,152345,152428,HPB,2,1959-09-09 20:00:00,1959-09-11 13:30:00,1959,9,9,18,1959,9,11,12,8
10,38.505,3.44,58,15,29,12,0,152800,152915,HPB,2,1959-09-19 07:30:00,1959-09-21 17:00:00,1959,9,19,6,1959,9,21,18,8
11,50.875,3.45,42,0,0,6,0,168514,168597,HPB,2,1960-08-11 16:30:00,1960-08-13 10:00:00,1960,8,11,18,1960,8,13,12,12
12,21.575,1.56,44,0,19.5,12,0,188262,188349,HPB,2,1961-09-27 02:30:00,1961-09-28 22:00:00,1961,9,27,0,1961,9,29,0,8
13,27.52,2.6,39.5,22,20,12,0,188394,188472,HPB,2,1961-09-29 20:30:00,1961-10-01 11:30:00,1961,9,29,18,1961,10,1,12,2
14,79.685,5.11,53.5,5.5,48,30,0,203327,203433,HPB,2,1962-08-06 23:00:00,1962-08-09 04:00:00,1962,8,7,0,1962,8,9,6,8
15,33.705,4.75,22.5,0,0,24,0,222299,222343,HPB,2,1963-09-06 05:00:00,1963-09-07 03:00:00,1963,9,6,6,1963,9,7,6,9
16,62.145,4.11,62.5,0,33,18,0,222778,222902,HPB,2,1963-09-16 04:30:00,1963-09-18 18:30:00,1963,9,16,6,1963,9,18,18,8
17,31.255,8.05,21.5,0,0,18,0,238974,239016,HPB,2,1964-08-18 14:30:00,1964-08-19 11:30:00,1964,8,18,12,1964,8,19,12,10
18,72.76,5.17,45,21.5,23.5,0,0,274540,274629,HPB,2,1966-08-29 13:30:00,1966-08-31 10:00:00,1966,8,29,12,1966,8,31,12,10
19,27.53,1.95,68.5,0,0,6,0,292757,292893,HPB,2,1967-09-13 02:00:00,1967-09-15 22:00:00,1967,9,13,0,1967,9,16,0,12
20,45.02,5,24.5,0,0,12,0,293134,293182,HPB,2,1967-09-20 22:30:00,1967-09-21 22:30:00,1967,9,21,0,1967,9,22,0,12
21,27.215,3.04,89,17.5,57,0,0,312946,313123,HPB,2,1968-11-06 16:30:00,1968-11-10 09:00:00,1968,11,6,18,1968,11,10,12,12
22,33.05,3.12,54,0,0,0,0,348263,348370,HPB,2,1970-11-12 11:00:00,1970-11-14 16:30:00,1970,11,12,12,1970,11,14,18,12
23,80.25,6.25,145.5,57,47,18,0,361934,362224,HPB,2,1971-08-24 06:30:00,1971-08-30 07:30:00,1971,8,24,6,1971,8,30,6,2
24,63.735,3.2,93.5,0,0,12,0,380950,381136,HPB,2,1972-09-23 10:30:00,1972-09-27 07:30:00,1972,9,23,12,1972,9,27,6,2
25,25.85,1.16,101,0,0,18,0,415063,415264,HPB,2,1974-09-04 03:00:00,1974-09-08 07:30:00,1974,9,4,6,1974,9,8,6,8
26,53.01,2.34,64.5,0,0,0,0,415333,415461,HPB,2,1974-09-09 18:00:00,1974-09-12 10:00:00,1974,9,9,18,1974,9,12,12,9
27,21.655,0.95,104.5,0,10.5,0,0,429533,429741,HPB,2,1975-07-02 14:00:00,1975-07-06 22:00:00,1975,7,2,12,1975,7,7,0,9
28,22.19,3.8,27.5,0,0,18,0,430098,430152,HPB,2,1975-07-14 08:30:00,1975-07-15 11:30:00,1975,7,14,6,1975,7,15,12,9
29,27.655,4.15,29.5,0,0,6,0,451333,451391,HPB,2,1976-09-28 18:00:00,1976-09-29 23:00:00,1976,9,28,18,1976,9,30,0,2
30,25.46,3.61,56,0,0,12,0,451462,451573,HPB,2,1976-10-01 10:30:00,1976-10-03 18:00:00,1976,10,1,12,1976,10,3,18,2
31,46.455,6.31,37.5,16,21.5,12,0,466489,466563,HPB,2,1977-08-10 12:00:00,1977-08-12 01:00:00,1977,8,10,12,1977,8,12,0,2
32,65.665,6.57,46,19,39.5,36,0,466596,466687,HPB,2,1977-08-12 17:30:00,1977-08-14 15:00:00,1977,8,12,18,1977,8,14,18,9
33,20.555,1.91,44.5,0,0,12,0,484436,484524,HPB,2,1978-08-19 09:30:00,1978-08-21 05:30:00,1978,8,19,12,1978,8,21,6,2
34,57.04,3.72,78.5,20.5,50,6,0,505146,505302,HPB,2,1979-10-24 20:30:00,1979-10-28 02:30:00,1979,10,24,18,1979,10,28,0,8
35,31.06,4.82,24,0,0,18,0,519931,519978,HPB,2,1980-08-27 21:00:00,1980-08-28 20:30:00,1980,8,28,0,1980,8,28,18,8
36,29.29,3.21,46.5,0,0,0,0,540866,540958,HPB,2,1981-11-07 00:30:00,1981-11-08 22:30:00,1981,11,7,0,1981,11,9,0,8
37,33.34,5.22,56,0,0,0,0,541375,541486,HPB,2,1981-11-17 15:00:00,1981-11-19 22:30:00,1981,11,17,18,1981,11,20,0,8
38,81.615,3.39,87,11,103.5,6,0,553433,553606,HPB,2,1982-07-26 20:00:00,1982-07-30 10:30:00,1982,7,26,18,1982,7,30,12,11
39,50.135,3.61,35.5,0,0.5,12,0,573439,573509,HPB,2,1983-09-16 15:00:00,1983-09-18 02:00:00,1983,9,16,18,1983,9,18,0,2
40,120.13,8.79,52.5,0,27.5,30,0,573780,573884,HPB,2,1983-09-23 17:30:00,1983-09-25 21:30:00,1983,9,23,18,1983,9,26,0,2
41,25.69,1.9,41,0,0,30,0,589734,589815,HPB,2,1984-08-21 02:30:00,1984-08-22 19:00:00,1984,8,21,0,1984,8,22,18,8
42,98.415,5.7,64.5,0,44.5,42,0,590220,590348,HPB,2,1984-08-31 05:30:00,1984-09-02 21:30:00,1984,8,31,6,1984,9,3,0,12
43,32.245,2.76,38.5,0,0,12,0,609323,609399,HPB,2,1985-10-03 05:00:00,1985-10-04 19:00:00,1985,10,3,6,1985,10,4,18,9
44,68.47,2.98,55,19,36,30,0,624053,624162,HPB,2,1986-08-06 02:00:00,1986-08-08 08:30:00,1986,8,6,0,1986,8,8,6,9
45,33.77,1.68,75,0,0,42,0,642789,642938,HPB,2,1987-08-31 10:00:00,1987-09-03 12:30:00,1987,8,31,12,1987,9,3,12,9
46,33.205,2.32,39,0,0,0,0,656641,656718,HPB,2,1988-06-15 00:00:00,1988-06-16 14:30:00,1988,6,15,0,1988,6,16,12,7
47,21.905,3.59,23.5,0,0,0,0,656889,656935,HPB,2,1988-06-20 04:00:00,1988-06-21 03:00:00,1988,6,20,6,1988,6,21,6,2
48,33.545,4.15,32.5,17,15.5,12,0,677513,677577,HPB,2,1989-08-23 20:00:00,1989-08-25 04:00:00,1989,8,23,18,1989,8,25,6,2
49,49.505,3.45,33.5,0,0,6,0,677820,677886,HPB,2,1989-08-30 05:30:00,1989-08-31 14:30:00,1989,8,30,6,1989,8,31,12,2
50,29.635,1.99,45,0,0,0,0,699609,699698,HPB,2,1990-11-27 04:00:00,1990-11-29 00:30:00,1990,11,27,6,1990,11,29,0,2
51,57.765,4.2,46,28.5,17.5,18,0,712243,712334,HPB,2,1991-08-17 09:00:00,1991-08-19 06:30:00,1991,8,17,12,1991,8,19,6,13
52,28.205,1.96,73.5,11,18.5,0,0,728895,729041,HPB,2,1992-07-29 07:00:00,1992-08-01 08:00:00,1992,7,29,6,1992,8,1,6,2
53,89.08,3.49,112.5,0,0,0,0,745481,745705,HPB,2,1993-07-09 20:00:00,1993-07-14 12:00:00,1993,7,9,18,1993,7,14,12,8
54,32.23,4.2,63,0,0,0,0,768542,768667,HPB,2,1994-11-02 06:30:00,1994-11-04 21:00:00,1994,11,2,6,1994,11,5,0,13
55,38.17,3.23,87.5,0,0,0,0,787151,787325,HPB,2,1995-11-24 23:00:00,1995-11-28 14:00:00,1995,11,25,0,1995,11,28,12,2
56,41.415,2.55,57,0,36,6,0,799632,799745,HPB,2,1996-08-10 23:30:00,1996-08-13 08:00:00,1996,8,11,0,1996,8,13,6,2
57,22.225,2.37,29,18,11,0,0,799761,799818,HPB,2,1996-08-13 16:00:00,1996-08-14 20:30:00,1996,8,13,18,1996,8,14,18,4
58,20.78,3.28,36.5,0,0,0,0,818012,818084,HPB,2,1997-08-28 21:30:00,1997-08-30 09:30:00,1997,8,29,0,1997,8,30,12,2
59,51.405,3.64,57,36.5,20.5,18,0,818416,818529,HPB,2,1997-09-06 07:30:00,1997-09-08 16:00:00,1997,9,6,6,1997,9,8,18,2
60,59.335,4.81,77.5,0,0,0,0,839250,839404,HPB,2,1998-11-14 08:30:00,1998-11-17 13:30:00,1998,11,14,6,1998,11,17,12,2
61,28.46,3.3,45.5,0,9,0,0,853700,853790,HPB,2,1999-09-11 09:30:00,1999-09-13 06:30:00,1999,9,11,12,1999,9,13,6,2
62,64.695,4.42,57.5,28.5,11,0,0,869791,869905,HPB,2,2000-08-11 15:00:00,2000-08-14 00:00:00,2000,8,11,18,2000,8,14,0,2
63,23.815,2.64,41.5,0,0,6,0,887443,887525,HPB,2,2001-08-14 09:00:00,2001-08-16 02:00:00,2001,8,14,12,2001,8,16,0,7
64,60.8,4.78,30,0,0,18,0,906993,907052,HPB,2,2002-09-25 16:00:00,2002-09-26 21:30:00,2002,9,25,18,2002,9,27,0,7
65,25.235,1.88,36,16,20,12,0,907115,907186,HPB,2,2002-09-28 05:00:00,2002-09-29 16:30:00,2002,9,28,6,2002,9,29,18,2
66,22.225,1.67,31.5,0,0,0,0,923666,923728,HPB,2,2003-09-08 00:30:00,2003-09-09 07:30:00,2003,9,8,0,2003,9,9,6,12
67,26.355,3.08,53,17,35,12,0,923826,923931,HPB,2,2003-09-11 08:30:00,2003-09-13 13:00:00,2003,9,11,6,2003,9,13,12,12
68,44.27,2.77,34.5,0,0,24,0,924183,924251,HPB,2,2003-09-18 19:00:00,2003-09-20 05:00:00,2003,9,18,18,2003,9,20,6,9
69,23.055,4.3,43,0,0,30,0,941100,941185,HPB,2,2004-09-05 05:30:00,2004-09-07 00:00:00,2004,9,5,6,2004,9,7,0,13
70,63.805,5.61,42,12,23,24,0,941294,941377,HPB,2,2004-09-09 06:30:00,2004-09-11 00:00:00,2004,9,9,6,2004,9,11,0,8
71,97.435,4.05,76,0,43,12,0,957190,957341,HPB,2,2005-08-06 10:30:00,2005-08-09 14:00:00,2005,8,6,12,2005,8,9,12,8
72,24.39,4.07,35,0,0,12,0,977701,977770,HPB,2,2006-10-07 18:00:00,2006-10-09 04:30:00,2006,10,7,18,2006,10,9,6,12
73,38.865,4.64,31,0,0,18,0,993989,994050,HPB,2,2007-09-12 02:00:00,2007-09-13 08:30:00,2007,9,12,0,2007,9,13,6,2
74,69.715,10.66,47,0,0,12,0,994338,994431,HPB,2,2007-09-19 08:30:00,2007-09-21 07:00:00,2007,9,19,6,2007,9,21,6,2
75,46.395,5.45,67,0,0,24,0,1012537,1012670,HPB,2,2008-10-02 12:00:00,2008-10-05 06:30:00,2008,10,2,12,2008,10,5,6,2
76,65.605,3.16,63.5,0,0,0,0,1027418,1027544,HPB,2,2009-08-08 12:30:00,2009-08-11 03:30:00,2009,8,8,12,2009,8,11,6,8
77,55.72,5,38,15.5,19.5,0,0,1048096,1048171,HPB,2,2010-10-13 07:30:00,2010-10-14 21:00:00,2010,10,13,6,2010,10,15,0,2
1,57.025,4,30,0,0,6,0,12501,12560,HPB,3,1951-09-18 10:00:00,1951-09-19 15:30:00,1951,9,18,12,1951,9,19,18,8
2,20.785,1.25,35,0,0,0,0,12652,12721,HPB,3,1951-09-21 13:30:00,1951-09-23 00:00:00,1951,9,21,12,1951,9,23,0,2
3,37.725,2.73,88,0,0,42,0,29251,29426,HPB,3,1952-09-01 09:00:00,1952-09-05 00:30:00,1952,9,1,12,1952,9,5,0,9
4,23.15,1.56,56,0,0,12,0,47656,47767,HPB,3,1953-09-19 19:30:00,1953-09-22 03:00:00,1953,9,19,18,1953,9,22,6,2
5,87.64,3.03,178,0,42.5,54,0,47790,48145,HPB,3,1953-09-22 14:30:00,1953-09-30 00:00:00,1953,9,22,12,1953,9,30,0,2
6,46.36,3.75,67,25,32.5,30,0,64855,64988,HPB,3,1954-09-13 03:00:00,1954-09-15 21:30:00,1954,9,13,6,1954,9,16,0,13
7,49.02,4.37,76.5,0,9.5,0,0,82969,83121,HPB,3,1955-09-25 12:00:00,1955-09-28 16:00:00,1955,9,25,12,1955,9,28,18,13
8,28.71,2.02,44,26,18,6,0,101131,101218,HPB,3,1956-10-07 21:00:00,1956-10-09 16:30:00,1956,10,8,0,1956,10,9,18,13
9,53.595,4.9,29.5,0,14.5,12,0,136041,136099,HPB,3,1958-10-05 04:00:00,1958-10-06 09:00:00,1958,10,5,6,1958,10,6,12,8
10,23.455,4.15,53,0,0,0,0,155161,155266,HPB,3,1959-11-07 12:00:00,1959-11-09 16:30:00,1959,11,7,12,1959,11,9,18,8
11,35.93,3,67,0,0,60,0,167336,167469,HPB,3,1960-07-18 03:30:00,1960-07-20 22:00:00,1960,7,18,6,1960,7,21,0,12
12,27.29,3.75,44.5,22,18.5,12,0,187789,187877,HPB,3,1961-09-17 06:00:00,1961-09-19 02:00:00,1961,9,17,6,1961,9,19,0,8
13,24.42,3.45,72.5,0,0,12,0,207126,207270,HPB,3,1962-10-25 02:30:00,1962-10-28 02:30:00,1962,10,25,0,1962,10,28,0,2
14,47.425,3.46,63,0,31,6,0,223534,223659,HPB,3,1963-10-01 22:30:00,1963-10-04 13:00:00,1963,10,2,0,1963,10,4,12,8
15,44.345,4.52,58,17,19.5,48,0,236602,236717,HPB,3,1964-06-30 04:30:00,1964-07-02 14:00:00,1964,6,30,6,1964,7,2,12,9
16,20.385,2.35,44.5,0,8,30,0,236764,236852,HPB,3,1964-07-03 13:30:00,1964-07-05 09:30:00,1964,7,3,12,1964,7,5,12,8
17,45.52,7.08,27,0,0,12,0,236889,236942,HPB,3,1964-07-06 04:00:00,1964-07-07 06:30:00,1964,7,6,6,1964,7,7,6,10
18,20.01,2.04,149.5,0,0,0,0,260760,261058,HPB,3,1965-11-15 11:30:00,1965-11-21 16:30:00,1965,11,15,12,1965,11,21,18,10
19,32.3,5.69,68,0,0,0,0,261306,261441,HPB,3,1965-11-26 20:30:00,1965-11-29 16:00:00,1965,11,26,18,1965,11,29,18,12
20,24.13,3.55,19.5,0,0,0,0,273999,274037,HPB,3,1966-08-18 07:00:00,1966-08-19 02:00:00,1966,8,18,6,1966,8,19,0,12
21,50.135,7.66,54,0,0,6,0,274297,274404,HPB,3,1966-08-24 12:00:00,1966-08-26 17:30:00,1966,8,24,12,1966,8,26,18,12
22,57.28,4.04,98,45,53,6,0,293503,293698,HPB,3,1967-09-28 15:00:00,1967-10-02 16:30:00,1967,9,28,18,1967,10,2,18,12
23,28.19,3.6,66.5,0,17.5,24,0,308772,308904,HPB,3,1968-08-11 17:30:00,1968-08-14 11:30:00,1968,8,11,18,1968,8,14,12,2
24,28,3.25,29.5,0,0,0,0,330369,330427,HPB,3,1969-11-04 16:00:00,1969-11-05 21:00:00,1969,11,4,18,1969,11,6,0,2
25,86.0050000000001,3.58,121.5,0,61.5,6,0,344047,344289,HPB,3,1970-08-16 15:00:00,1970-08-21 16:00:00,1970,8,16,18,1970,8,21,18,8
26,31.785,5.62,37.5,2.5,35,18,0,362980,363054,HPB,3,1971-09-15 01:30:00,1971-09-16 14:30:00,1971,9,15,0,1971,9,16,12,9
27,55.67,6.64,70.5,32.5,28.5,12,0,379767,379907,HPB,3,1972-08-29 19:00:00,1972-09-01 17:00:00,1972,8,29,18,1972,9,1,18,9
28,37.155,2.84,42,0,0,0,0,400589,400672,HPB,3,1973-11-06 14:00:00,1973-11-08 07:30:00,1973,11,6,12,1973,11,8,6,9
29,24.8,4.71,55,0,2,0,0,415609,415718,HPB,3,1974-09-15 12:00:00,1974-09-17 18:30:00,1974,9,15,12,1974,9,17,18,2
30,41.77,5.1,112,0,0,0,0,435666,435889,HPB,3,1975-11-07 08:30:00,1975-11-12 00:00:00,1975,11,7,6,1975,11,12,0,2
31,88.88,4.72,75.5,0,13.5,0,0,450598,450748,HPB,3,1976-09-13 10:30:00,1976-09-16 13:30:00,1976,9,13,12,1976,9,16,12,2
32,37.68,6.36,22,0,0,18,0,466731,466774,HPB,3,1977-08-15 13:00:00,1977-08-16 10:30:00,1977,8,15,12,1977,8,16,12,9
33,36.565,2.38,38,0,0,0,0,481201,481276,HPB,3,1978-06-13 00:00:00,1978-06-14 13:30:00,1978,6,13,0,1978,6,14,12,2
34,37.52,3.72,78,36,39.5,36,0,502113,502268,HPB,3,1979-08-22 16:00:00,1979-08-25 21:30:00,1979,8,22,18,1979,8,26,0,8
35,33.425,1.59,74,0,13.5,0,0,523291,523438,HPB,3,1980-11-05 21:00:00,1980-11-08 22:30:00,1980,11,6,0,1980,11,9,0,8
36,39.3,2.92,35,11,24,0,0,538396,538465,HPB,3,1981-09-16 13:30:00,1981-09-18 00:00:00,1981,9,16,12,1981,9,18,0,8
37,22.905,1.8,57.5,0,0,6,0,554013,554127,HPB,3,1982-08-07 22:00:00,1982-08-10 07:00:00,1982,8,8,0,1982,8,10,6,8
38,52.995,4.07,33.5,0,23,12,0,574355,574421,HPB,3,1983-10-05 17:00:00,1983-10-07 02:00:00,1983,10,5,18,1983,10,7,0,11
39,48.49,2.85,63,34,29,0,0,591355,591480,HPB,3,1984-09-23 21:00:00,1984-09-26 11:30:00,1984,9,24,0,1984,9,26,12,2
40,21.055,2.36,21.5,0,0,18,0,608626,608668,HPB,3,1985-09-18 16:30:00,1985-09-19 13:30:00,1985,9,18,18,1985,9,19,12,2
41,28.12,6.45,16,0,0,6,0,608856,608887,HPB,3,1985-09-23 11:30:00,1985-09-24 03:00:00,1985,9,23,12,1985,9,24,6,8
42,56.025,3.01,101,32.5,51.5,18,0,626232,626433,HPB,3,1986-09-20 11:30:00,1986-09-24 16:00:00,1986,9,20,12,1986,9,24,18,12
43,26.16,3.71,29,0,5.5,12,0,642803,642860,HPB,3,1987-08-31 17:00:00,1987-09-01 21:30:00,1987,8,31,18,1987,9,2,0,9
44,21.335,1.47,84,22,44.5,12,0,662885,663052,HPB,3,1988-10-23 02:00:00,1988-10-26 13:30:00,1988,10,23,0,1988,10,26,12,9
45,26.66,2.39,98,0,0,0,0,678618,678813,HPB,3,1989-09-15 20:30:00,1989-09-19 22:00:00,1989,9,15,18,1989,9,20,0,9
46,22.51,4.53,31.5,23.5,8,6,0,696072,696134,HPB,3,1990-09-14 11:30:00,1990-09-15 18:30:00,1990,9,14,12,1990,9,15,18,7
47,45.555,2.22,53.5,0,0,0,0,708743,708849,HPB,3,1991-06-05 11:00:00,1991-06-07 16:00:00,1991,6,5,12,1991,6,7,18,2
48,20.61,1.78,27.5,0,0,0,0,708907,708961,HPB,3,1991-06-08 21:00:00,1991-06-10 00:00:00,1991,6,9,0,1991,6,10,0,2
49,24.665,5.42,30.5,0,0,30,0,728907,728967,HPB,3,1992-07-29 13:00:00,1992-07-30 19:00:00,1992,7,29,12,1992,7,30,18,2
50,62.18,3.66,56,0,0,12,0,729367,729478,HPB,3,1992-08-08 03:00:00,1992-08-10 10:30:00,1992,8,8,6,1992,8,10,12,2
51,116.815,5.37,80.5,0,24.5,18,0,747686,747846,HPB,3,1993-08-24 18:30:00,1993-08-28 02:30:00,1993,8,24,18,1993,8,28,0,13
52,28.57,2,47,14,23,0,0,778583,778676,HPB,3,1995-05-30 11:00:00,1995-06-01 09:30:00,1995,5,30,12,1995,6,1,12,2
53,36.325,3.66,51,0,0,30,0,778804,778905,HPB,3,1995-06-04 01:30:00,1995-06-06 04:00:00,1995,6,4,0,1995,6,6,6,8
54,21.22,2.98,121,0,0,0,0,822432,822673,HPB,3,1997-11-28 23:30:00,1997-12-04 00:00:00,1997,11,29,0,1997,12,4,0,13
55,53.305,2.92,54.5,0,0,0,0,835310,835418,HPB,3,1998-08-24 06:30:00,1998-08-26 12:30:00,1998,8,24,6,1998,8,26,12,2
56,26.295,2.45,44,0,0,0,0,855034,855121,HPB,3,1999-10-09 04:30:00,1999-10-11 00:00:00,1999,10,9,6,1999,10,11,0,2
57,28.6,3.32,51.5,0,10.5,6,0,855437,855539,HPB,3,1999-10-17 14:00:00,1999-10-19 17:00:00,1999,10,17,12,1999,10,19,18,4
58,49.165,5.61,20.5,0,0,12,0,872292,872332,HPB,3,2000-10-02 17:30:00,2000-10-03 13:30:00,2000,10,2,18,2000,10,3,12,2
59,69.425,5.81,35,6.5,28.5,12,0,887982,888051,HPB,3,2001-08-25 14:30:00,2001-08-27 01:00:00,2001,8,25,12,2001,8,27,0,2
60,48.83,3.57,78.5,17,65,18,0,905878,906034,HPB,3,2002-09-02 10:30:00,2002-09-05 16:30:00,2002,9,2,12,2002,9,5,18,2
61,20.28,1.91,43,0,0,6,0,925969,926054,HPB,3,2003-10-26 00:00:00,2003-10-27 18:30:00,2003,10,26,0,2003,10,27,18,2
62,121.6,4.35,108.5,0,0,30,0,942889,943105,HPB,3,2004-10-12 12:00:00,2004-10-17 00:00:00,2004,10,12,12,2004,10,17,0,2
63,24.395,2.62,32.5,0,0,6,0,993537,993601,HPB,3,2007-09-02 16:00:00,2007-09-04 00:00:00,2007,9,2,18,2007,9,4,0,7
64,59.76,3.07,158,0,0,0,0,1009195,1009510,HPB,3,2008-07-24 21:00:00,2008-07-31 10:30:00,2008,7,25,0,2008,7,31,12,7
65,27.57,3.36,67,0,0,12,0,1030647,1030780,HPB,3,2009-10-14 19:00:00,2009-10-17 13:30:00,2009,10,14,18,2009,10,17,12,2
66,21.245,4.51,40.5,0,0,24,0,1044776,1044856,HPB,3,2010-08-05 03:30:00,2010-08-06 19:30:00,2010,8,5,6,2010,8,6,18,12
67,64.81,5.11,69,0,0,6,0,1045197,1045334,HPB,3,2010-08-13 22:00:00,2010-08-16 18:30:00,2010,8,14,0,2010,8,16,18,12
1,75.175,8.94,34,0,14.5,12,0,28665,28732,HPB,4,1952-08-20 04:00:00,1952-08-21 13:30:00,1952,8,20,6,1952,8,21,12,8
2,111.935,6.35,131,0,0,6,0,45148,45409,HPB,4,1953-07-29 13:30:00,1953-08-04 00:00:00,1953,7,29,12,1953,8,4,0,2
3,80.755,6.11,67.5,0,0,0,0,63687,63821,HPB,4,1954-08-19 19:00:00,1954-08-22 14:00:00,1954,8,19,18,1954,8,22,12,9
4,23.49,3.88,30.5,0,0,12,0,82424,82484,HPB,4,1955-09-14 03:30:00,1955-09-15 09:30:00,1955,9,14,6,1955,9,15,12,2
5,37.87,3.08,24.5,0,0,12,0,101694,101742,HPB,4,1956-10-19 14:30:00,1956-10-20 14:30:00,1956,10,19,12,1956,10,20,12,2
6,28.32,1.67,84.5,0,1,0,0,115936,116104,HPB,4,1957-08-12 07:30:00,1957-08-15 19:30:00,1957,8,12,6,1957,8,15,18,13
7,109.04,5.1,86,0,38.5,36,0,116146,116317,HPB,4,1957-08-16 16:30:00,1957-08-20 06:00:00,1957,8,16,18,1957,8,20,6,13
8,107.325,7.44,89,12.5,20.5,24,0,134001,134178,HPB,4,1958-08-23 16:00:00,1958-08-27 08:30:00,1958,8,23,18,1958,8,27,6,13
9,37.86,2.77,46.5,15,19.5,18,0,151332,151424,HPB,4,1959-08-19 17:30:00,1959-08-21 15:30:00,1959,8,19,18,1959,8,21,18,8
10,40.02,2.63,96,0,0,0,0,165009,165200,HPB,4,1960-05-30 16:00:00,1960-06-03 15:30:00,1960,5,30,18,1960,6,3,18,8
11,66.605,4.7,28,0,21.5,24,0,187315,187370,HPB,4,1961-09-07 09:00:00,1961-09-08 12:30:00,1961,9,7,12,1961,9,8,12,12
12,30.675,2.56,38,0,0,18,0,207169,207244,HPB,4,1962-10-26 00:00:00,1962-10-27 13:30:00,1962,10,26,0,1962,10,27,12,8
13,84.055,5.73,69,16.5,22,66,0,223654,223791,HPB,4,1963-10-04 10:30:00,1963-10-07 07:00:00,1963,10,4,12,1963,10,7,6,2
14,40.64,4.38,56.5,0,0,24,0,238767,238879,HPB,4,1964-08-14 07:00:00,1964-08-16 15:00:00,1964,8,14,6,1964,8,16,18,8
15,60.22,5.46,81,43.5,26.5,6,0,256424,256585,HPB,4,1965-08-17 03:30:00,1965-08-20 12:00:00,1965,8,17,6,1965,8,20,12,9
16,63.47,7.09,32,21,11,12,0,275173,275236,HPB,4,1966-09-11 18:00:00,1966-09-13 01:30:00,1966,9,11,18,1966,9,13,0,8
17,33.995,5.89,31.5,12.5,19,18,0,290486,290548,HPB,4,1967-07-27 18:30:00,1967-07-29 01:30:00,1967,7,27,18,1967,7,29,0,10
18,63.045,7.12,31,24.5,6.5,0,0,290908,290969,HPB,4,1967-08-05 13:30:00,1967-08-06 20:00:00,1967,8,5,12,1967,8,6,18,10
19,31.695,3.41,32,0,0,0,0,331531,331594,HPB,4,1969-11-28 21:00:00,1969-11-30 04:30:00,1969,11,29,0,1969,11,30,6,12
20,28.515,2.87,34.5,26,8.5,18,0,342723,342791,HPB,4,1970-07-20 01:00:00,1970-07-21 11:00:00,1970,7,20,0,1970,7,21,12,12
21,66.18,4.41,117,0,0,0,0,343086,343319,HPB,4,1970-07-27 14:30:00,1970-08-01 11:00:00,1970,7,27,12,1970,8,1,12,12
22,31.045,4.89,37,0,0,0,0,366315,366388,HPB,4,1971-11-23 13:00:00,1971-11-25 01:30:00,1971,11,23,12,1971,11,25,0,12
23,50.99,2.32,119.5,0,72,0,0,383363,383601,HPB,4,1972-11-12 17:00:00,1972-11-17 16:00:00,1972,11,12,18,1972,11,17,18,2
24,21.78,1.45,55.5,0,0,36,0,397076,397186,HPB,4,1973-08-25 09:30:00,1973-08-27 16:30:00,1973,8,25,12,1973,8,27,18,2
25,40.065,6.89,62.5,40.5,15.5,18,0,415642,415766,HPB,4,1974-09-16 04:30:00,1974-09-18 18:30:00,1974,9,16,6,1974,9,18,18,8
26,46.75,4.17,41,20.5,20.5,18,0,432065,432146,HPB,4,1975-08-24 08:00:00,1975-08-26 00:30:00,1975,8,24,6,1975,8,26,0,9
27,36.995,2.62,71.5,0,0,18,0,450918,451060,HPB,4,1976-09-20 02:30:00,1976-09-23 01:30:00,1976,9,20,0,1976,9,23,0,9
28,57.165,3.09,79.5,33.5,43.5,18,0,469380,469538,HPB,4,1977-10-09 17:30:00,1977-10-13 00:30:00,1977,10,9,18,1977,10,13,0,9
29,55.555,3.51,65,13,41,12,0,484267,484396,HPB,4,1978-08-15 21:00:00,1978-08-18 13:30:00,1978,8,16,0,1978,8,18,12,2
30,64.705,1.47,139,0,0,90,0,484668,484945,HPB,4,1978-08-24 05:30:00,1978-08-30 00:00:00,1978,8,24,6,1978,8,30,0,2
31,27.355,4.94,30.5,0,0,12,0,502549,502609,HPB,4,1979-08-31 18:00:00,1979-09-02 00:00:00,1979,8,31,18,1979,9,2,0,2
32,36.205,4.65,34.5,12,17.5,6,0,516184,516252,HPB,4,1980-06-10 19:30:00,1980-06-12 05:30:00,1980,6,10,18,1980,6,12,6,9
33,21.59,1.86,56.5,0,0,18,0,539913,540025,HPB,4,1981-10-18 04:00:00,1981-10-20 12:00:00,1981,10,18,6,1981,10,20,12,2
34,26.875,4,17.5,0,0,12,0,540233,540267,HPB,4,1981-10-24 20:00:00,1981-10-25 13:00:00,1981,10,24,18,1981,10,25,12,8
35,40.35,2.58,38.5,5.5,21.5,12,0,555596,555672,HPB,4,1982-09-09 21:30:00,1982-09-11 11:30:00,1982,9,10,0,1982,9,11,12,8
36,22.315,3.22,18,0,0,0,0,576021,576056,HPB,4,1983-11-09 10:00:00,1983-11-10 03:30:00,1983,11,9,12,1983,11,10,6,8
37,32.54,3.42,94,3.5,54,36,0,605695,605882,HPB,4,1985-07-19 15:00:00,1985-07-23 12:30:00,1985,7,19,18,1985,7,23,12,8
38,25.35,1.53,37,24,13,0,0,626328,626401,HPB,4,1986-09-22 11:30:00,1986-09-24 00:00:00,1986,9,22,12,1986,9,24,0,11
39,30.365,3.09,33.5,0,0,18,0,626565,626631,HPB,4,1986-09-27 10:00:00,1986-09-28 19:00:00,1986,9,27,12,1986,9,28,18,2
40,26.77,3.15,76.5,0,0,24,0,644883,645035,HPB,4,1987-10-14 01:00:00,1987-10-17 05:00:00,1987,10,14,0,1987,10,17,6,2
41,99.645,4.09,139.5,0,0,18,0,645275,645553,HPB,4,1987-10-22 05:00:00,1987-10-28 00:00:00,1987,10,22,6,1987,10,28,0,8
42,51.795,3.39,105.5,0,0,84,0,657503,657713,HPB,4,1988-07-02 23:00:00,1988-07-07 08:00:00,1988,7,3,0,1988,7,7,6,12
43,42.25,2.27,105.5,0,0,12,0,677879,678089,HPB,4,1989-08-31 11:00:00,1989-09-04 20:00:00,1989,8,31,12,1989,9,4,18,9
44,31.595,3.57,46,14.5,24.5,0,0,696544,696635,HPB,4,1990-09-24 07:30:00,1990-09-26 05:00:00,1990,9,24,6,1990,9,26,6,9
45,68.1,6.37,74,24,31.5,12,0,710488,710635,HPB,4,1991-07-11 19:30:00,1991-07-14 21:00:00,1991,7,11,18,1991,7,15,0,9
46,62.575,1.92,95,0,0,0,0,733936,734125,HPB,4,1992-11-11 07:30:00,1992-11-15 06:00:00,1992,11,11,6,1992,11,15,6,7
47,27.21,1.56,63.5,0,7.5,0,0,750307,750433,HPB,4,1993-10-18 09:00:00,1993-10-21 00:00:00,1993,10,18,12,1993,10,21,0,2
48,40.925,5.28,42.5,0,0,12,0,766273,766357,HPB,4,1994-09-16 00:00:00,1994-09-17 18:00:00,1994,9,16,0,1994,9,17,18,2
49,49.04,5.43,45,0,0,18,0,800470,800559,HPB,4,1996-08-28 10:30:00,1996-08-30 07:00:00,1996,8,28,12,1996,8,30,6,2
50,61.885,2.89,90.5,0,31.5,30,0,800609,800789,HPB,4,1996-08-31 08:00:00,1996-09-04 02:00:00,1996,8,31,6,1996,9,4,0,2
51,51.195,1.9,79,0,51.5,0,0,815513,815670,HPB,4,1997-07-07 20:00:00,1997-07-11 02:30:00,1997,7,7,18,1997,7,11,0,13
52,37.41,1.62,71,0,0,0,0,832081,832222,HPB,4,1998-06-18 00:00:00,1998-06-20 22:30:00,1998,6,18,0,1998,6,21,0,2
53,27.08,3.94,21.5,0,0,0,0,853130,853172,HPB,4,1999-08-30 12:30:00,1999-08-31 09:30:00,1999,8,30,12,1999,8,31,12,8
54,46.92,3.97,38,0,0,0,0,853447,853522,HPB,4,1999-09-06 03:00:00,1999-09-07 16:30:00,1999,9,6,6,1999,9,7,18,13
55,130.515,7.29,82,23.5,28,72,0,870810,870973,HPB,4,2000-09-01 20:30:00,2000-09-05 06:00:00,2000,9,1,18,2000,9,5,6,2
56,26.76,2.43,53,0,0,24,0,889689,889794,HPB,4,2001-09-30 04:00:00,2001-10-02 08:30:00,2001,9,30,6,2001,10,2,6,2
57,30.45,3.1,49.5,29.5,20,12,0,904375,904473,HPB,4,2002-08-02 03:00:00,2002-08-04 04:00:00,2002,8,2,6,2002,8,4,6,4
58,94.105,3.62,128,0,34,36,0,939760,940015,HPB,4,2004-08-08 07:30:00,2004-08-13 15:00:00,2004,8,8,6,2004,8,13,18,2
59,24.175,2.51,33.5,14.5,15,6,0,958759,958825,HPB,4,2005-09-08 03:00:00,2005-09-09 12:00:00,2005,9,8,6,2005,9,9,12,2
60,26.995,7.94,41,15,22,6,0,976494,976575,HPB,4,2006-09-12 14:30:00,2006-09-14 07:00:00,2006,9,12,12,2006,9,14,6,2
61,53.375,4.34,105.5,43.5,62,12,0,994594,994804,HPB,4,2007-09-24 16:30:00,2007-09-29 01:30:00,2007,9,24,18,2007,9,29,0,2
62,22.45,2.01,28,0,0,0,0,1012897,1012952,HPB,4,2008-10-10 00:00:00,2008-10-11 03:30:00,2008,10,10,0,2008,10,11,6,2
63,24.21,4.18,42.5,0,0,12,0,1013258,1013342,HPB,4,2008-10-17 12:30:00,2008-10-19 06:30:00,2008,10,17,12,2008,10,19,6,7
64,39.35,5.1,36,0,0,12,0,1027342,1027413,HPB,4,2009-08-06 22:30:00,2009-08-08 10:00:00,2009,8,7,0,2009,8,8,12,7
65,52.88,4.31,32.5,7,25.5,12,0,1027446,1027510,HPB,4,2009-08-09 02:30:00,2009-08-10 10:30:00,2009,8,9,0,2009,8,10,12,2
66,25.945,7.05,41.5,0,0,24,0,1044194,1044276,HPB,4,2010-07-24 00:30:00,2010-07-25 17:30:00,2010,7,24,0,2010,7,25,18,12
67,33.37,7.5,21.5,0,0,12,0,1044391,1044433,HPB,4,2010-07-28 03:00:00,2010-07-29 00:00:00,2010,7,28,6,2010,7,29,0,12
1,49.465,5.56,31,17,14,0,0,11364,11425,HPB,5,1951-08-25 17:30:00,1951-08-27 00:00:00,1951,8,25,18,1951,8,27,0,8
2,78.45,4.02,53.5,0,15,24,0,11811,11917,HPB,5,1951-09-04 01:00:00,1951-09-06 06:00:00,1951,9,4,0,1951,9,6,6,2
3,44.41,3.19,68,50,18,12,0,27655,27790,HPB,5,1952-07-30 03:00:00,1952-08-01 22:30:00,1952,7,30,6,1952,8,2,0,9
4,57.36,5.23,35,23,11.5,18,0,46901,46970,HPB,5,1953-09-04 02:00:00,1953-09-05 12:30:00,1953,9,4,0,1953,9,5,12,2
5,67.67,5.77,84.5,22,31.5,54,0,63853,64021,HPB,5,1954-08-23 06:00:00,1954-08-26 18:00:00,1954,8,23,6,1954,8,26,18,2
6,74.31,5.07,59,15,25.5,24,0,82385,82502,HPB,5,1955-09-13 08:00:00,1955-09-15 18:30:00,1955,9,13,6,1955,9,15,18,13
7,52.915,7.28,80,40,39.5,42,0,101192,101351,HPB,5,1956-10-09 03:30:00,1956-10-12 11:00:00,1956,10,9,6,1956,10,12,12,13
8,20.09,2.19,61.5,0,0,0,0,120242,120364,HPB,5,1957-11-10 00:30:00,1957-11-12 13:30:00,1957,11,10,0,1957,11,12,12,13
9,34.055,4.27,121,0,0,0,0,120720,120961,HPB,5,1957-11-19 23:30:00,1957-11-25 00:00:00,1957,11,20,0,1957,11,25,0,8
10,23.35,1.78,37.5,0,0,30,0,135833,135907,HPB,5,1958-09-30 20:00:00,1958-10-02 09:00:00,1958,9,30,18,1958,10,2,12,8
11,44,3.44,38.5,0,0,0,0,136078,136154,HPB,5,1958-10-05 22:30:00,1958-10-07 12:30:00,1958,10,6,0,1958,10,7,12,12
12,27.555,3.18,21,0,0,12,0,151396,151437,HPB,5,1959-08-21 01:30:00,1959-08-21 22:00:00,1959,8,21,0,1959,8,22,0,8
13,29,2.12,68,0,0,0,0,169999,170134,HPB,5,1960-09-11 15:00:00,1960-09-14 10:30:00,1960,9,11,18,1960,9,14,12,2
14,29.27,5.22,39.5,0,0,18,0,189807,189885,HPB,5,1961-10-29 07:00:00,1961-10-30 22:00:00,1961,10,29,6,1961,10,31,0,8
15,36.96,2.78,108.5,0,0,6,0,206779,206995,HPB,5,1962-10-17 21:00:00,1962-10-22 09:00:00,1962,10,18,0,1962,10,22,12,9
16,58.545,2.47,98,0,0,0,0,207104,207299,HPB,5,1962-10-24 15:30:00,1962-10-28 17:00:00,1962,10,24,18,1962,10,28,18,8
17,40.96,3.24,52,15,23.5,0,0,223228,223331,HPB,5,1963-09-25 13:30:00,1963-09-27 17:00:00,1963,9,25,12,1963,9,27,18,10
18,28.285,2.41,36.5,0,0,0,0,242622,242694,HPB,5,1964-11-02 14:30:00,1964-11-04 02:30:00,1964,11,2,12,1964,11,4,0,10
19,118.555,9.24,94,0,44.5,18,0,257918,258105,HPB,5,1965-09-17 06:30:00,1965-09-21 04:00:00,1965,9,17,6,1965,9,21,6,12
20,23.445,1.73,42,0,0,30,0,272318,272401,HPB,5,1966-07-14 06:30:00,1966-07-16 00:00:00,1966,7,14,6,1966,7,16,0,12
21,62,5.48,40.5,28,12.5,0,0,289425,289505,HPB,5,1967-07-05 16:00:00,1967-07-07 08:00:00,1967,7,5,18,1967,7,7,6,12
22,25.06,1.95,83,0,0,0,0,313080,313245,HPB,5,1968-11-09 11:30:00,1968-11-12 22:00:00,1968,11,9,12,1968,11,13,0,12
23,53.57,4.56,125.5,0,42,0,0,313335,313585,HPB,5,1968-11-14 19:00:00,1968-11-20 00:00:00,1968,11,14,18,1968,11,20,0,2
24,32.625,1.49,95.5,2,106.5,0,0,325573,325763,HPB,5,1969-07-27 18:00:00,1969-07-31 17:00:00,1969,7,27,18,1969,7,31,18,2
25,28.36,1.9,82.5,0,0,0,0,349010,349174,HPB,5,1970-11-28 00:30:00,1970-12-01 10:30:00,1970,11,28,0,1970,12,1,12,8
26,38.565,4.02,58.5,39.5,19,30,0,362293,362409,HPB,5,1971-08-31 18:00:00,1971-09-03 04:00:00,1971,8,31,18,1971,9,3,6,9
27,45.66,2.5,94,0,0,0,0,384148,384335,HPB,5,1972-11-29 01:30:00,1972-12-02 23:00:00,1972,11,29,0,1972,12,3,0,9
28,52.645,7.45,56.5,0,4.5,30,0,398993,399105,HPB,5,1973-10-04 08:00:00,1973-10-06 16:00:00,1973,10,4,6,1973,10,6,18,9
29,59.74,5.93,30,0,0,18,0,414794,414853,HPB,5,1974-08-29 12:30:00,1974-08-30 18:00:00,1974,8,29,12,1974,8,30,18,2
30,53.59,7.61,27,0,0,24,0,415050,415103,HPB,5,1974-09-03 20:30:00,1974-09-04 23:00:00,1974,9,3,18,1974,9,5,0,2
31,52.33,3.25,111.5,0,0,0,0,429277,429499,HPB,5,1975-06-27 06:00:00,1975-07-01 21:00:00,1975,6,27,6,1975,7,2,0,2
32,30.13,3.59,50,31,19,18,0,450274,450373,HPB,5,1976-09-06 16:30:00,1976-09-08 18:00:00,1976,9,6,18,1976,9,8,18,9
33,25.55,0.92,86,0,21,0,0,468662,468833,HPB,5,1977-09-24 18:30:00,1977-09-28 08:00:00,1977,9,24,18,1977,9,28,6,2
34,39.335,6.75,40,0,0,0,0,485963,486042,HPB,5,1978-09-20 05:00:00,1978-09-21 20:30:00,1978,9,20,6,1978,9,21,18,8
35,45.99,4.18,79.5,11,12,54,0,486352,486510,HPB,5,1978-09-28 07:30:00,1978-10-01 14:30:00,1978,9,28,6,1978,10,1,12,8
36,23.52,2.88,17.5,0,0,6,0,501398,501432,HPB,5,1979-08-07 18:30:00,1979-08-08 11:30:00,1979,8,7,18,1979,8,8,12,8
37,43.02,2.09,53.5,29.5,24,0,0,521752,521858,HPB,5,1980-10-04 19:30:00,1980-10-07 00:30:00,1980,10,4,18,1980,10,7,0,8
38,27.85,1.55,66.5,0,0,0,0,538348,538480,HPB,5,1981-09-15 13:30:00,1981-09-18 07:30:00,1981,9,15,12,1981,9,18,6,11
39,26.575,2.85,29.5,0,0,24,0,553215,553273,HPB,5,1982-07-22 07:00:00,1982-07-23 12:00:00,1982,7,22,6,1982,7,23,12,2
40,43.04,3.67,47,15,18.5,42,0,553286,553379,HPB,5,1982-07-23 18:30:00,1982-07-25 17:00:00,1982,7,23,18,1982,7,25,18,2
41,35.87,2.85,50,0,0,24,0,571383,571482,HPB,5,1983-08-04 19:00:00,1983-08-06 20:30:00,1983,8,4,18,1983,8,6,18,8
42,40.775,5.7,19.5,0,0,18,0,589855,589893,HPB,5,1984-08-23 15:00:00,1984-08-24 10:00:00,1984,8,23,18,1984,8,24,12,12
43,58.52,4.3,86.5,0,0,6,0,609187,609359,HPB,5,1985-09-30 09:00:00,1985-10-03 23:00:00,1985,9,30,12,1985,10,4,0,9
44,40.085,5.97,114,0,0,48,0,623342,623569,HPB,5,1986-07-22 06:30:00,1986-07-27 00:00:00,1986,7,22,6,1986,7,27,0,9
45,57.53,6.43,40,0,0,12,0,644423,644502,HPB,5,1987-10-04 11:00:00,1987-10-06 02:30:00,1987,10,4,12,1987,10,6,0,9
46,23.235,2.8,96.5,0,0,0,0,663650,663842,HPB,5,1988-11-08 00:30:00,1988-11-12 00:30:00,1988,11,8,0,1988,11,12,0,7
47,24.67,1.85,62.5,33.5,18.5,0,0,664146,664270,HPB,5,1988-11-18 08:30:00,1988-11-20 22:30:00,1988,11,18,6,1988,11,21,0,2
48,23.005,3.47,21,10.5,10.5,12,0,693137,693178,HPB,5,1990-07-15 08:00:00,1990-07-16 04:30:00,1990,7,15,6,1990,7,16,6,2
49,48.395,3.06,101.5,68.5,33,30,0,693526,693728,HPB,5,1990-07-23 10:30:00,1990-07-27 15:30:00,1990,7,23,12,1990,7,27,18,2
50,20.66,5.08,43.5,0,0,6,0,712760,712846,HPB,5,1991-08-28 03:30:00,1991-08-29 22:30:00,1991,8,28,6,1991,8,30,0,2
51,54.47,3.03,73,10.5,24,6,0,712896,713041,HPB,5,1991-08-30 23:30:00,1991-09-03 00:00:00,1991,8,31,0,1991,9,3,0,13
52,42.94,3.89,49,9,27,6,0,728594,728691,HPB,5,1992-07-23 00:30:00,1992-07-25 01:00:00,1992,7,23,0,1992,7,25,0,2
53,29.75,1.36,97,0,0,0,0,729046,729239,HPB,5,1992-08-01 10:30:00,1992-08-05 11:00:00,1992,8,1,12,1992,8,5,12,8
54,37.41,3.82,43,0,0,6,0,765487,765572,HPB,5,1994-08-30 15:00:00,1994-09-01 09:30:00,1994,8,30,18,1994,9,1,12,13
55,39.96,4.4,46,33.5,23,6,0,782113,782204,HPB,5,1995-08-12 00:00:00,1995-08-13 21:30:00,1995,8,12,0,1995,8,14,0,2
56,84.36,3.94,66,0,0,54,0,801141,801272,HPB,5,1996-09-11 10:00:00,1996-09-14 03:30:00,1996,9,11,12,1996,9,14,6,2
57,50.615,2.25,51,0,41,18,0,815395,815496,HPB,5,1997-07-05 09:00:00,1997-07-07 11:30:00,1997,7,5,12,1997,7,7,12,4
58,24.205,0.98,57,0,0,36,0,850623,850736,HPB,5,1999-07-09 07:00:00,1999-07-11 15:30:00,1999,7,9,6,1999,7,11,18,2
59,37.645,5.04,39,0,0,6,0,873223,873300,HPB,5,2000-10-22 03:00:00,2000-10-23 17:30:00,2000,10,22,6,2000,10,23,18,2
60,24.87,2.14,71,21.5,39,48,0,888373,888514,HPB,5,2001-09-02 18:00:00,2001-09-05 16:30:00,2001,9,2,18,2001,9,5,18,2
61,38.13,3,65,0,0,18,0,904368,904497,HPB,5,2002-08-01 23:30:00,2002-08-04 16:00:00,2002,8,2,0,2002,8,4,18,2
62,24.525,2.22,83.5,0,0,12,0,921314,921480,HPB,5,2003-07-21 00:30:00,2003-07-24 11:30:00,2003,7,21,0,2003,7,24,12,2
63,65.09,2.93,77,0,0,66,0,958294,958447,HPB,5,2005-08-29 10:30:00,2005-09-01 15:00:00,2005,8,29,12,2005,9,1,18,7
64,61.205,5.34,32.5,13,19.5,12,0,976587,976651,HPB,5,2006-09-14 13:00:00,2006-09-15 21:00:00,2006,9,14,12,2006,9,16,0,7
65,43.535,5.36,37.5,0,0,12,0,993355,993429,HPB,5,2007-08-29 21:00:00,2007-08-31 10:00:00,2007,8,30,0,2007,8,31,12,2
66,38.245,3.02,50.5,0,0,54,0,1008837,1008937,HPB,5,2008-07-17 10:00:00,2008-07-19 12:00:00,2008,7,17,12,2008,7,19,12,12
67,33.4,1.59,69.5,0,0,54,0,1009025,1009163,HPB,5,2008-07-21 08:00:00,2008-07-24 05:00:00,2008,7,21,6,2008,7,24,6,12
68,48.26,3.06,98,0,0,0,0,1032525,1032720,HPB,5,2009-11-22 22:00:00,2009-11-26 23:30:00,2009,11,23,0,2009,11,27,0,9
69,22.29,3.47,21,0,0,12,0,1048301,1048342,HPB,5,2010-10-17 14:00:00,2010-10-18 10:30:00,2010,10,17,12,2010,10,18,12,13
70,27.515,2.44,54,0,0,30,0,1048752,1048859,HPB,5,2010-10-26 23:30:00,2010-10-29 05:00:00,2010,10,27,0,2010,10,29,6,8
1,65.995,2.82,97.5,6,43,0,0,11082,11276,HPB,6,1951-08-19 20:30:00,1951-08-23 21:30:00,1951,8,19,18,1951,8,24,0,8
2,27.375,3.92,24,0,0,0,0,28014,28061,HPB,6,1952-08-06 14:30:00,1952-08-07 14:00:00,1952,8,6,12,1952,8,7,12,2
3,63.925,3.04,80.5,0,0,42,0,47641,47801,HPB,6,1953-09-19 12:00:00,1953-09-22 20:00:00,1953,9,19,12,1953,9,22,18,9
4,20.27,1.56,46.5,10.5,25,18,0,61298,61390,HPB,6,1954-07-01 00:30:00,1954-07-02 22:30:00,1954,7,1,0,1954,7,3,0,2
5,59.19,3.57,57.5,0,0,36,0,61815,61929,HPB,6,1954-07-11 19:00:00,1954-07-14 04:00:00,1954,7,11,18,1954,7,14,6,2
6,43.295,7.25,50.5,0,0,0,0,82041,82141,HPB,6,1955-09-06 04:00:00,1955-09-08 06:00:00,1955,9,6,6,1955,9,8,6,13
7,26.065,3.52,23,0,0,0,0,113732,113777,HPB,6,1957-06-27 09:30:00,1957-06-28 08:00:00,1957,6,27,12,1957,6,28,6,13
8,27.17,4.1,43.5,0,0,12,0,136669,136755,HPB,6,1958-10-18 06:00:00,1958-10-20 01:00:00,1958,10,18,6,1958,10,20,0,13
9,44.23,1.93,64,0,64,12,0,152092,152219,HPB,6,1959-09-04 13:30:00,1959-09-07 05:00:00,1959,9,4,12,1959,9,7,6,8
10,70.115,4.95,59.5,0,40,18,0,186856,186974,HPB,6,1961-08-28 19:30:00,1961-08-31 06:30:00,1961,8,28,18,1961,8,31,6,8
11,51.105,5.03,38.5,30.5,8,18,0,187333,187409,HPB,6,1961-09-07 18:00:00,1961-09-09 08:00:00,1961,9,7,18,1961,9,9,6,12
12,31.14,2.44,87,0,38.5,0,0,205154,205327,HPB,6,1962-09-14 00:30:00,1962-09-17 15:00:00,1962,9,14,0,1962,9,17,18,8
13,49.525,1.62,83.5,0,0,30,0,205398,205564,HPB,6,1962-09-19 02:30:00,1962-09-22 13:30:00,1962,9,19,0,1962,9,22,12,2
14,61.55,1.9,105.5,0,0,66,0,219843,220053,HPB,6,1963-07-17 01:00:00,1963-07-21 10:00:00,1963,7,17,0,1963,7,21,12,8
15,46.59,4.99,41,12,29,12,0,239931,240012,HPB,6,1964-09-07 13:00:00,1964-09-09 05:30:00,1964,9,7,12,1964,9,9,6,9
16,32.87,2.28,120,0,0,0,0,261122,261361,HPB,6,1965-11-23 00:30:00,1965-11-28 00:00:00,1965,11,23,0,1965,11,28,0,8
17,69.315,3.72,115,21.5,129,12,0,273564,273793,HPB,6,1966-08-09 05:30:00,1966-08-14 00:00:00,1966,8,9,6,1966,8,14,0,10
18,41.15,2.47,60.5,0,0,42,0,292464,292584,HPB,6,1967-09-06 23:30:00,1967-09-09 11:30:00,1967,9,7,0,1967,9,9,12,10
19,37.34,2.98,45,0,28,54,0,292634,292723,HPB,6,1967-09-10 12:30:00,1967-09-12 09:00:00,1967,9,10,12,1967,9,12,12,12
20,50.695,7.52,29,17,12,0,0,292905,292962,HPB,6,1967-09-16 04:00:00,1967-09-17 08:30:00,1967,9,16,6,1967,9,17,6,12
21,34.945,3.87,56.5,12,24,36,0,310166,310278,HPB,6,1968-09-09 18:30:00,1968-09-12 02:30:00,1968,9,9,18,1968,9,12,0,12
22,23.455,1.87,120.5,0,0,36,0,325997,326237,HPB,6,1969-08-05 14:00:00,1969-08-10 14:00:00,1969,8,5,12,1969,8,10,12,12
23,65.125,7.3,94.5,0,0,12,0,326265,326453,HPB,6,1969-08-11 04:00:00,1969-08-15 02:00:00,1969,8,11,6,1969,8,15,0,2
24,24.475,2.62,76,0,0,0,0,348282,348433,HPB,6,1970-11-12 20:30:00,1970-11-16 00:00:00,1970,11,12,18,1970,11,16,0,2
25,33.905,4.95,33,0,0,0,0,362052,362117,HPB,6,1971-08-26 17:30:00,1971-08-28 02:00:00,1971,8,26,18,1971,8,28,0,8
26,28.165,2.62,46,0,0,30,0,379096,379187,HPB,6,1972-08-15 19:30:00,1972-08-17 17:00:00,1972,8,15,18,1972,8,17,18,9
27,22.29,1.49,45,0,0,42,0,395271,395360,HPB,6,1973-07-18 19:00:00,1973-07-20 15:30:00,1973,7,18,18,1973,7,20,18,9
28,52.71,3.13,46,0,0,6,0,412639,412730,HPB,6,1974-07-15 15:00:00,1974-07-17 12:30:00,1974,7,15,18,1974,7,17,12,9
29,27.33,2.54,21.5,0,0,18,0,432662,432704,HPB,6,1975-09-05 18:30:00,1975-09-06 15:30:00,1975,9,5,18,1975,9,6,18,2
30,42.725,3.39,40.5,30,10.5,0,0,433187,433267,HPB,6,1975-09-16 17:00:00,1975-09-18 09:00:00,1975,9,16,18,1975,9,18,12,2
31,63.45,2.78,89,13,35,42,0,451011,451188,HPB,6,1976-09-22 01:00:00,1976-09-25 17:30:00,1976,9,22,0,1976,9,25,18,2
32,37.885,3.9,40.5,0,0,12,0,469133,469213,HPB,6,1977-10-04 14:00:00,1977-10-06 06:00:00,1977,10,4,12,1977,10,6,6,9
33,20.12,3.21,20.5,0,0,12,0,483167,483207,HPB,6,1978-07-23 23:00:00,1978-07-24 19:00:00,1978,7,24,0,1978,7,24,18,2
34,70.625,5.16,98.5,0,0,66,0,483379,483575,HPB,6,1978-07-28 09:00:00,1978-08-01 11:00:00,1978,7,28,12,1978,8,1,12,8
35,40.32,6.72,62,8,27,24,0,501771,501894,HPB,6,1979-08-15 13:00:00,1979-08-18 02:30:00,1979,8,15,12,1979,8,18,0,8
36,25.7,1.34,41,0,0,6,0,522432,522513,HPB,6,1980-10-18 23:30:00,1980-10-20 16:00:00,1980,10,19,0,1980,10,20,18,8
37,52.275,3.06,109.5,24.5,85,6,0,522791,523009,HPB,6,1980-10-26 11:00:00,1980-10-31 00:00:00,1980,10,26,12,1980,10,31,0,8
38,36.945,4.89,31,0,0,6,0,536073,536134,HPB,6,1981-07-30 04:00:00,1981-07-31 10:30:00,1981,7,30,6,1981,7,31,12,11
39,38.84,3.2,51,37.5,6,0,0,553499,553600,HPB,6,1982-07-28 05:00:00,1982-07-30 07:30:00,1982,7,28,6,1982,7,30,6,2
40,98.89,5.87,84,0,26.5,18,0,572340,572507,HPB,6,1983-08-24 17:30:00,1983-08-28 05:00:00,1983,8,24,18,1983,8,28,6,2
41,24.42,2.4,27,18.5,8.5,12,0,591026,591079,HPB,6,1984-09-17 00:30:00,1984-09-18 03:00:00,1984,9,17,0,1984,9,18,6,8
42,51.87,3.97,60.5,0,0,0,0,591518,591638,HPB,6,1984-09-27 06:30:00,1984-09-29 18:30:00,1984,9,27,6,1984,9,29,18,12
43,100.28,5.32,99,38,69.5,30,0,625048,625245,HPB,6,1986-08-26 19:30:00,1986-08-30 22:00:00,1986,8,26,18,1986,8,31,0,9
44,43.205,1.67,86.5,0,0,0,0,638378,638550,HPB,6,1987-05-31 12:30:00,1987-06-04 02:30:00,1987,5,31,12,1987,6,4,0,9
45,20.945,2.28,46.5,0,0,36,0,657135,657227,HPB,6,1988-06-25 07:00:00,1988-06-27 05:00:00,1988,6,25,6,1988,6,27,6,9
46,41.42,2.33,108,0,0,30,0,676586,676801,HPB,6,1989-08-04 12:30:00,1989-08-09 00:00:00,1989,8,4,12,1989,8,9,0,7
47,50.435,3.55,112.5,23.5,75.5,0,0,692705,692929,HPB,6,1990-07-06 08:00:00,1990-07-11 00:00:00,1990,7,6,6,1990,7,11,0,2
48,48.14,3.51,45,0,0,18,0,711940,712029,HPB,6,1991-08-11 01:30:00,1991-08-12 22:00:00,1991,8,11,0,1991,8,13,0,2
49,24.31,4.38,63.5,0,0,0,0,751654,751780,HPB,6,1993-11-15 10:30:00,1993-11-18 01:30:00,1993,11,15,12,1993,11,18,0,2
50,57.845,2.67,48,0,0,18,0,765962,766057,HPB,6,1994-09-09 12:30:00,1994-09-11 12:00:00,1994,9,9,12,1994,9,11,12,2
51,21.055,3.17,15,0,0,12,0,782839,782868,HPB,6,1995-08-27 03:00:00,1995-08-27 17:30:00,1995,8,27,6,1995,8,27,18,13
52,47.68,4.79,39,0,0,0,0,797734,797811,HPB,6,1996-07-02 10:30:00,1996-07-04 01:00:00,1996,7,2,12,1996,7,4,0,2
53,23.065,3.03,53,0,0,30,0,817418,817523,HPB,6,1997-08-16 12:30:00,1997-08-18 17:00:00,1997,8,16,12,1997,8,18,18,8
54,46.875,4.66,48.5,0,0,54,0,817537,817633,HPB,6,1997-08-19 00:00:00,1997-08-21 00:00:00,1997,8,19,0,1997,8,21,0,13
55,52.75,3.86,103,0,0,6,0,834566,834771,HPB,6,1998-08-08 18:30:00,1998-08-13 01:00:00,1998,8,8,18,1998,8,13,0,2
56,81.62,5.66,39,0,0,24,0,869967,870044,HPB,6,2000-08-15 07:00:00,2000-08-16 21:30:00,2000,8,15,6,2000,8,17,0,2
57,34.23,1.61,70.5,0,36,36,0,888825,888965,HPB,6,2001-09-12 04:00:00,2001-09-15 02:00:00,2001,9,12,6,2001,9,15,0,4
58,33.05,6.14,17.5,0,0,18,0,905255,905289,HPB,6,2002-08-20 11:00:00,2002-08-21 04:00:00,2002,8,20,12,2002,8,21,6,2
59,28.67,2.81,40,0,0,36,0,922118,922197,HPB,6,2003-08-06 18:30:00,2003-08-08 10:00:00,2003,8,6,18,2003,8,8,12,2
60,28.575,1.44,128.5,0,0,0,0,944145,944401,HPB,6,2004-11-07 16:00:00,2004-11-13 00:00:00,2004,11,7,18,2004,11,13,0,2
61,40.145,7.1,47.5,0,0,0,0,954571,954665,HPB,6,2005-06-12 21:00:00,2005-06-14 20:00:00,2005,6,13,0,2005,6,14,18,2
62,54.97,8.64,22,0,0,12,0,975869,975912,HPB,6,2006-08-30 14:00:00,2006-08-31 11:30:00,2006,8,30,12,2006,8,31,12,2
63,75.07,7.16,61,39.5,21.5,24,0,976065,976186,HPB,6,2006-09-03 16:00:00,2006-09-06 04:30:00,2006,9,3,18,2006,9,6,6,7
64,27.77,2.87,51.5,0,36.5,24,0,993095,993197,HPB,6,2007-08-24 11:00:00,2007-08-26 14:00:00,2007,8,24,12,2007,8,26,12,7
65,56.02,4.54,76,0,17.5,12,0,993307,993458,HPB,6,2007-08-28 21:00:00,2007-09-01 00:30:00,2007,8,29,0,2007,9,1,0,2
66,97.05,3.8,162.5,0,0,0,0,1007005,1007329,HPB,6,2008-06-09 06:00:00,2008-06-16 00:00:00,2008,6,9,6,2008,6,16,0,12
67,36.665,3.54,48,0,30.5,18,0,1027678,1027773,HPB,6,2009-08-13 22:30:00,2009-08-15 22:00:00,2009,8,14,0,2009,8,16,0,12
68,26.71,3.62,22,0,0,12,0,1047582,1047625,HPB,6,2010-10-02 14:30:00,2010-10-03 12:00:00,2010,10,2,12,2010,10,3,12,9
1,59.24,3.02,120,41.5,30.5,0,0,9506,9745,HPB,7,1951-07-18 00:30:00,1951-07-23 00:00:00,1951,7,18,0,1951,7,23,0,8
2,61.155,3.34,80,0,0,42,0,46322,46481,HPB,7,1953-08-23 00:30:00,1953-08-26 08:00:00,1953,8,23,0,1953,8,26,6,2
3,54.61,2.24,54.5,0,54.5,6,0,46845,46953,HPB,7,1953-09-02 22:00:00,1953-09-05 04:00:00,1953,9,3,0,1953,9,5,6,9
4,88.165,7.29,37.5,7,24,6,0,63036,63110,HPB,7,1954-08-06 05:30:00,1954-08-07 18:30:00,1954,8,6,6,1954,8,7,18,2
5,44.635,3.45,105.5,0,0,12,0,80981,81191,HPB,7,1955-08-15 02:00:00,1955-08-19 11:00:00,1955,8,15,0,1955,8,19,12,2
6,72.13,4.87,155,0,0,66,0,81227,81536,HPB,7,1955-08-20 05:00:00,1955-08-26 15:30:00,1955,8,20,6,1955,8,26,18,13
7,36.49,3.35,78.5,0,0,0,0,102514,102670,HPB,7,1956-11-05 16:30:00,1956-11-08 22:30:00,1956,11,5,18,1956,11,9,0,13
8,41.83,3.88,46.5,0,0,0,0,116555,116647,HPB,7,1957-08-25 05:00:00,1957-08-27 03:00:00,1957,8,25,6,1957,8,27,6,13
9,44.61,3.84,83,21.5,51,0,0,136478,136643,HPB,7,1958-10-14 06:30:00,1958-10-17 17:00:00,1958,10,14,6,1958,10,17,18,8
10,55.49,3.13,116.5,109,7.5,54,0,153993,154225,HPB,7,1959-10-14 04:00:00,1959-10-19 00:00:00,1959,10,14,6,1959,10,19,0,8
11,29.145,3.87,20.5,0,0,18,0,169187,169227,HPB,7,1960-08-25 17:00:00,1960-08-26 13:00:00,1960,8,25,18,1960,8,26,12,12
12,26.695,2.98,23.5,0,0,30,0,185965,186011,HPB,7,1961-08-10 06:00:00,1961-08-11 05:00:00,1961,8,10,6,1961,8,11,6,8
13,67.17,4.21,48.5,0,38,54,0,186050,186146,HPB,7,1961-08-12 00:30:00,1961-08-14 00:30:00,1961,8,12,0,1961,8,14,0,2
14,46.535,2.45,108,0,0,0,0,202518,202733,HPB,7,1962-07-21 02:30:00,1962-07-25 14:00:00,1962,7,21,0,1962,7,25,12,8
15,52.805,4.16,82.5,13,61,6,0,202834,202998,HPB,7,1962-07-27 16:30:00,1962-07-31 02:30:00,1962,7,27,18,1962,7,31,0,9
16,71.95,8.94,53.5,24.5,29,0,0,220844,220950,HPB,7,1963-08-06 21:30:00,1963-08-09 02:30:00,1963,8,7,0,1963,8,9,0,8
17,29.74,3.08,27,0,5,0,0,241348,241401,HPB,7,1964-10-07 01:30:00,1964-10-08 04:00:00,1964,10,7,0,1964,10,8,6,10
18,48.465,2.72,81,0.5,39.5,24,0,255542,255703,HPB,7,1965-07-29 18:30:00,1965-08-02 03:00:00,1965,7,29,18,1965,8,2,6,10
19,22.31,1.86,73.5,0,9,18,0,274354,274500,HPB,7,1966-08-25 16:30:00,1966-08-28 17:30:00,1966,8,25,18,1966,8,28,18,12
20,69.39,5.29,66,11.5,26.5,60,0,274766,274897,HPB,7,1966-09-03 06:30:00,1966-09-06 00:00:00,1966,9,3,6,1966,9,6,0,12
21,65.9,10.05,114.5,20,73,72,0,291277,291505,HPB,7,1967-08-13 06:00:00,1967-08-18 00:00:00,1967,8,13,6,1967,8,18,0,12
22,50.07,3.93,40,0,0,0,0,311529,311608,HPB,7,1968-10-08 04:00:00,1968-10-09 19:30:00,1968,10,8,6,1968,10,9,18,12
23,25.32,2.46,88.5,0,0,0,0,331383,331559,HPB,7,1969-11-25 19:00:00,1969-11-29 11:00:00,1969,11,25,18,1969,11,29,12,2
24,37.13,2.41,51.5,0,0,18,0,345118,345220,HPB,7,1970-09-07 22:30:00,1970-09-10 01:30:00,1970,9,8,0,1970,9,10,0,2
25,71.37,4.71,105,40.5,53,78,0,345248,345457,HPB,7,1970-09-10 15:30:00,1970-09-15 00:00:00,1970,9,10,18,1970,9,15,0,8
26,46.05,3.36,81,0,0,30,0,363252,363413,HPB,7,1971-09-20 17:30:00,1971-09-24 02:00:00,1971,9,20,18,1971,9,24,0,9
27,60.075,7.63,97,0,44.5,18,0,380816,381009,HPB,7,1972-09-20 15:30:00,1972-09-24 16:00:00,1972,9,20,18,1972,9,24,18,9
28,35.065,2.11,84,0,0,0,0,400864,401031,HPB,7,1973-11-12 07:30:00,1973-11-15 19:00:00,1973,11,12,6,1973,11,15,18,9
29,32.645,1.83,52.5,0,0,0,0,434993,435097,HPB,7,1975-10-24 08:00:00,1975-10-26 12:00:00,1975,10,24,6,1975,10,26,12,2
30,32.915,1.92,69.5,0,0,18,0,448148,448286,HPB,7,1976-07-24 09:30:00,1976-07-27 06:30:00,1976,7,24,12,1976,7,27,6,2
31,66.61,4.51,74.5,0,0,6,0,468892,469040,HPB,7,1977-09-29 13:30:00,1977-10-02 15:30:00,1977,9,29,12,1977,10,2,18,2
32,27.5,3.31,30,0,0,6,0,485786,485845,HPB,7,1978-09-16 12:30:00,1978-09-17 18:00:00,1978,9,16,12,1978,9,17,18,9
33,20.29,3.15,40.5,0,0,12,0,502498,502578,HPB,7,1979-08-30 16:30:00,1979-09-01 08:30:00,1979,8,30,18,1979,9,1,6,2
34,28.81,1.7,80,0,0,24,0,521892,522051,HPB,7,1980-10-07 17:30:00,1980-10-11 01:00:00,1980,10,7,18,1980,10,11,0,8
35,37.02,2.72,24.5,20.5,4,0,0,555679,555727,HPB,7,1982-09-11 15:00:00,1982-09-12 15:00:00,1982,9,11,18,1982,9,12,18,8
36,38.615,2.41,96,0,0,18,0,569687,569878,HPB,7,1983-06-30 11:00:00,1983-07-04 10:30:00,1983,6,30,12,1983,7,4,12,8
37,23.17,2.73,106.5,0,0,30,0,588722,588934,HPB,7,1984-07-31 00:30:00,1984-08-04 10:30:00,1984,7,31,0,1984,8,4,12,8
38,36.815,5.56,47.5,0,34.5,24,0,589297,589391,HPB,7,1984-08-12 00:00:00,1984-08-13 23:00:00,1984,8,12,0,1984,8,14,0,11
39,51.815,4.18,78.5,0,0,24,0,607214,607370,HPB,7,1985-08-20 06:30:00,1985-08-23 12:30:00,1985,8,20,6,1985,8,23,12,2
40,73.615,3.69,79.5,20.5,59,0,0,624845,625003,HPB,7,1986-08-22 14:00:00,1986-08-25 21:00:00,1986,8,22,12,1986,8,26,0,2
41,29.38,3.07,85.5,0,0,0,0,646964,647134,HPB,7,1987-11-26 09:30:00,1987-11-29 22:30:00,1987,11,26,12,1987,11,30,0,8
42,50.995,6.08,47,0,0,12,0,658548,658641,HPB,7,1988-07-24 17:30:00,1988-07-26 16:00:00,1988,7,24,18,1988,7,26,18,12
43,27.2,4.92,13.5,0,0,12,0,679615,679641,HPB,7,1989-10-06 15:00:00,1989-10-07 04:00:00,1989,10,6,18,1989,10,7,6,9
44,29.81,2.92,44.5,1.5,25,12,0,695897,695985,HPB,7,1990-09-10 20:00:00,1990-09-12 16:00:00,1990,9,10,18,1990,9,12,18,9
45,37.835,2.77,77.5,0,0,30,0,696199,696353,HPB,7,1990-09-17 03:00:00,1990-09-20 08:00:00,1990,9,17,6,1990,9,20,6,9
46,56.79,4.18,125,69.5,47.5,12,0,710477,710726,HPB,7,1991-07-11 14:00:00,1991-07-16 18:30:00,1991,7,11,12,1991,7,16,18,7
47,73.65,2.76,136,0,72.5,36,0,730885,731156,HPB,7,1992-09-08 18:00:00,1992-09-14 09:30:00,1992,9,8,18,1992,9,14,12,2
48,23.805,4.24,43,23,20,0,0,747487,747572,HPB,7,1993-08-20 15:00:00,1993-08-22 09:30:00,1993,8,20,18,1993,8,22,12,2
49,24.485,2.44,48,11,26,18,0,766358,766453,HPB,7,1994-09-17 18:30:00,1994-09-19 18:00:00,1994,9,17,18,1994,9,19,18,2
50,29.96,3.28,93,0,0,0,0,786730,786915,HPB,7,1995-11-16 04:30:00,1995-11-20 01:00:00,1995,11,16,6,1995,11,20,0,2
51,29.425,2.16,32,0,0,0,0,802853,802916,HPB,7,1996-10-17 02:00:00,1996-10-18 09:30:00,1996,10,17,0,1996,10,18,12,13
52,39.29,4.28,102.5,0,0,6,0,803269,803473,HPB,7,1996-10-25 18:00:00,1996-10-30 00:00:00,1996,10,25,18,1996,10,30,0,2
53,54.105,4.92,61.5,0,7,12,0,817525,817647,HPB,7,1997-08-18 18:00:00,1997-08-21 07:00:00,1997,8,18,18,1997,8,21,6,8
54,28.675,2.41,61.5,0,0,12,0,837988,838110,HPB,7,1998-10-19 01:30:00,1998-10-21 14:30:00,1998,10,19,0,1998,10,21,12,13
55,40.035,1.82,114.5,0,0,0,0,856285,856513,HPB,7,1999-11-04 06:00:00,1999-11-09 00:00:00,1999,11,4,6,1999,11,9,0,2
56,24.255,1.69,51,0,0,24,0,872894,872995,HPB,7,2000-10-15 06:30:00,2000-10-17 09:00:00,2000,10,15,6,2000,10,17,12,2
57,33.01,2.08,53.5,20,30.5,0,0,873145,873251,HPB,7,2000-10-20 12:00:00,2000-10-22 17:00:00,2000,10,20,12,2000,10,22,18,4
58,35.605,3.46,60,23.5,34,0,0,886733,886852,HPB,7,2001-07-30 14:00:00,2001-08-02 01:30:00,2001,7,30,12,2001,8,2,0,2
59,25.13,1.72,46.5,0,1,0,0,886937,887029,HPB,7,2001-08-03 20:00:00,2001-08-05 18:00:00,2001,8,3,18,2001,8,5,18,2
60,69.08,5.55,51.5,43,20,0,0,887127,887229,HPB,7,2001-08-07 19:00:00,2001-08-09 22:00:00,2001,8,7,18,2001,8,10,0,2
61,29.675,4.22,65.5,13.5,38,54,0,905988,906118,HPB,7,2002-09-04 17:30:00,2002-09-07 10:30:00,2002,9,4,18,2002,9,7,12,2
62,52.87,2.9,54,0,0,36,0,923509,923616,HPB,7,2003-09-04 18:00:00,2003-09-06 23:30:00,2003,9,4,18,2003,9,7,0,2
63,47.305,3.09,157.5,0,0,72,0,940745,941059,HPB,7,2004-08-28 20:00:00,2004-09-04 09:00:00,2004,8,28,18,2004,9,4,12,7
64,40.72,2.03,74.5,0,0,0,0,954959,955107,HPB,7,2005-06-20 23:00:00,2005-06-24 01:00:00,2005,6,21,0,2005,6,24,0,7
65,40.65,2.14,84,0,0,0,0,989534,989701,HPB,7,2007-06-11 06:30:00,2007-06-14 18:00:00,2007,6,11,6,2007,6,14,18,2
66,62.26,5.34,108.5,0,3,0,0,1014073,1014289,HPB,7,2008-11-03 12:00:00,2008-11-08 00:00:00,2008,11,3,12,2008,11,8,0,12
67,35.98,5.23,47.5,0,0,12,0,1028709,1028803,HPB,7,2009-09-04 10:00:00,2009-09-06 09:00:00,2009,9,4,12,2009,9,6,12,12
68,42.805,2.97,48,2.5,34,12,0,1044332,1044427,HPB,7,2010-07-26 21:30:00,2010-07-28 21:00:00,2010,7,27,0,2010,7,29,0,9
1,41.08,2.92,62.5,0,0,18,52,11559,11683,HPB,8,1951-08-29 19:00:00,1951-09-01 09:00:00,1951,8,29,18,1951,9,1,12,8
2,38.145,7.3,52,18,73.5,12,0,11706,11809,HPB,8,1951-09-01 20:30:00,1951-09-04 00:00:00,1951,9,1,18,1951,9,4,0,2
3,61.65,9.62,61,5,35.5,18,0,28282,28403,HPB,8,1952-08-12 04:30:00,1952-08-14 17:00:00,1952,8,12,6,1952,8,14,18,9
4,40.26,3.61,32.5,0,0,24,0,46634,46698,HPB,8,1953-08-29 12:30:00,1953-08-30 20:30:00,1953,8,29,12,1953,8,30,18,2
5,25.82,2.8,51.5,19.5,32,18,0,64098,64200,HPB,8,1954-08-28 08:30:00,1954-08-30 11:30:00,1954,8,28,6,1954,8,30,12,2
6,32.62,3.49,40,0,0,12,0,84539,84618,HPB,8,1955-10-28 05:00:00,1955-10-29 20:30:00,1955,10,28,6,1955,10,29,18,13
7,28.605,4.14,19.5,0,0,6,0,99478,99516,HPB,8,1956-09-03 10:30:00,1956-09-04 05:30:00,1956,9,3,12,1956,9,4,6,13
8,60.565,4.76,33,16,17,18,0,99823,99888,HPB,8,1956-09-10 15:00:00,1956-09-11 23:30:00,1956,9,10,18,1956,9,12,0,13
9,60.44,4.18,50,0,0,30,0,118168,118267,HPB,8,1957-09-27 19:30:00,1957-09-29 21:00:00,1957,9,27,18,1957,9,30,0,8
10,24.205,3.53,22.5,0,0,6,0,134266,134310,HPB,8,1958-08-29 04:30:00,1958-08-30 02:30:00,1958,8,29,6,1958,8,30,0,8
11,41.1,3.76,85,0,0,6,0,148183,148352,HPB,8,1959-06-15 03:00:00,1959-06-18 15:30:00,1959,6,15,6,1959,6,18,18,12
12,24.91,5.57,13.5,0,0,0,0,170137,170163,HPB,8,1960-09-14 12:00:00,1960-09-15 01:00:00,1960,9,14,12,1960,9,15,0,8
13,50.285,5.62,43,0,9.5,0,0,170517,170602,HPB,8,1960-09-22 10:00:00,1960-09-24 04:30:00,1960,9,22,12,1960,9,24,6,2
14,85.795,4.94,87.5,0,22,36,0,186879,187053,HPB,8,1961-08-29 07:00:00,1961-09-01 22:00:00,1961,8,29,6,1961,9,2,0,8
15,31.92,3.4,36.5,0,0,24,0,204844,204916,HPB,8,1962-09-07 13:30:00,1962-09-09 01:30:00,1962,9,7,12,1962,9,9,0,9
16,35.245,2.84,71.5,0,0,42,0,205076,205218,HPB,8,1962-09-12 09:30:00,1962-09-15 08:30:00,1962,9,12,12,1962,9,15,6,8
17,62.715,3.04,56.5,15.5,29,24,0,222266,222378,HPB,8,1963-09-05 12:30:00,1963-09-07 20:30:00,1963,9,5,12,1963,9,7,18,10
18,32.22,2.41,36,0,36,24,0,240013,240084,HPB,8,1964-09-09 06:00:00,1964-09-10 17:30:00,1964,9,9,6,1964,9,10,18,10
19,40.185,1.78,99,0,0,0,0,253522,253719,HPB,8,1965-06-17 16:30:00,1965-06-21 19:00:00,1965,6,17,18,1965,6,21,18,12
20,29.07,2.78,31.5,0,31.5,6,0,274040,274102,HPB,8,1966-08-19 03:30:00,1966-08-20 10:30:00,1966,8,19,6,1966,8,20,12,12
21,35.91,3.01,40,20,20,0,0,274383,274462,HPB,8,1966-08-26 07:00:00,1966-08-27 22:30:00,1966,8,26,6,1966,8,28,0,12
22,109.27,5.28,71.5,11.5,53,36,0,292590,292732,HPB,8,1967-09-09 14:30:00,1967-09-12 13:30:00,1967,9,9,12,1967,9,12,12,12
23,86.315,8.79,58,33.5,24.5,24,0,309288,309403,HPB,8,1968-08-22 11:30:00,1968-08-24 21:00:00,1968,8,22,12,1968,8,25,0,2
24,43.22,1.73,63,0,0,24,0,324545,324670,HPB,8,1969-07-06 08:00:00,1969-07-08 22:30:00,1969,7,6,6,1969,7,9,0,2
25,45.67,4.4,31,0,17.5,12,0,347336,347397,HPB,8,1970-10-24 03:30:00,1970-10-25 10:00:00,1970,10,24,6,1970,10,25,12,8
26,22.905,1.55,49.5,0,0,24,0,362882,362980,HPB,8,1971-09-13 00:30:00,1971-09-15 01:30:00,1971,9,13,0,1971,9,15,0,9
27,55.75,2.36,69.5,0,0,0,0,380320,380458,HPB,8,1972-09-10 07:30:00,1972-09-13 04:30:00,1972,9,10,6,1972,9,13,6,9
28,74.895,5.34,103.5,0,0,24,0,398895,399101,HPB,8,1973-10-02 07:00:00,1973-10-06 14:00:00,1973,10,2,6,1973,10,6,12,9
29,27.855,4.81,69.5,0,0,0,0,418163,418301,HPB,8,1974-11-07 17:00:00,1974-11-10 14:00:00,1974,11,7,18,1974,11,10,12,2
30,33.805,2.99,35,0,33.5,6,0,432890,432959,HPB,8,1975-09-10 12:30:00,1975-09-11 23:00:00,1975,9,10,12,1975,9,12,0,2
31,36.12,4.51,41.5,0,0,18,0,451813,451895,HPB,8,1976-10-08 18:00:00,1976-10-10 11:00:00,1976,10,8,18,1976,10,10,12,2
32,63.4,4.25,81.5,10,31.5,6,0,452279,452441,HPB,8,1976-10-18 11:00:00,1976-10-21 20:00:00,1976,10,18,12,1976,10,21,18,9
33,27.195,3.67,34,0,0,30,0,465289,465356,HPB,8,1977-07-16 12:00:00,1977-07-17 21:30:00,1977,7,16,12,1977,7,18,0,2
34,55.935,4.05,50.5,0,17.5,6,0,482845,482945,HPB,8,1978-07-17 06:00:00,1978-07-19 08:00:00,1978,7,17,6,1978,7,19,6,8
35,20.45,2.56,25,0,0,6,0,503964,504013,HPB,8,1979-09-30 05:30:00,1979-10-01 06:00:00,1979,9,30,6,1979,10,1,6,8
36,31.765,3.99,44.5,0,0,0,0,504172,504260,HPB,8,1979-10-04 13:30:00,1979-10-06 09:30:00,1979,10,4,12,1979,10,6,12,8
37,31.56,5.63,20,0,0,0,0,521948,521987,HPB,8,1980-10-08 21:30:00,1980-10-09 17:00:00,1980,10,9,0,1980,10,9,18,8
38,25.755,2.77,43.5,0,0,6,0,539229,539315,HPB,8,1981-10-03 22:00:00,1981-10-05 17:00:00,1981,10,4,0,1981,10,5,18,11
39,56.55,1.62,182,0,0,6,0,554112,554475,HPB,8,1982-08-09 23:30:00,1982-08-17 13:00:00,1982,8,10,0,1982,8,17,12,2
40,48.46,3.53,89,0,0,36,0,572679,572856,HPB,8,1983-08-31 19:00:00,1983-09-04 11:30:00,1983,8,31,18,1983,9,4,12,2
41,52.185,2.15,114.5,0,11,18,0,591373,591601,HPB,8,1984-09-24 06:00:00,1984-09-29 00:00:00,1984,9,24,6,1984,9,29,0,8
42,34.25,2.71,37,0,37,24,0,607368,607441,HPB,8,1985-08-23 11:30:00,1985-08-25 00:00:00,1985,8,23,12,1985,8,25,0,12
43,35.01,1.59,76.5,0,47,66,0,625615,625767,HPB,8,1986-09-07 15:00:00,1986-09-10 19:00:00,1986,9,7,18,1986,9,10,18,9
44,51.805,4.11,69.5,0,60.5,0,0,625978,626116,HPB,8,1986-09-15 04:30:00,1986-09-18 01:30:00,1986,9,15,6,1986,9,18,0,9
45,34.875,4.21,67,0,0,6,0,645295,645428,HPB,8,1987-10-22 15:00:00,1987-10-25 09:30:00,1987,10,22,18,1987,10,25,12,9
46,24.26,4.32,20.5,0,0,12,0,645465,645505,HPB,8,1987-10-26 04:00:00,1987-10-27 00:00:00,1987,10,26,6,1987,10,27,0,7
47,35.305,3.44,51,0,0,0,0,658587,658688,HPB,8,1988-07-25 13:00:00,1988-07-27 15:30:00,1988,7,25,12,1988,7,27,18,2
48,57.98,3,64.5,0,0,0,0,675908,676036,HPB,8,1989-07-21 09:30:00,1989-07-24 01:30:00,1989,7,21,12,1989,7,24,0,2
49,72.66,3.86,74,0,0,6,0,693241,693388,HPB,8,1990-07-17 12:00:00,1990-07-20 13:30:00,1990,7,17,12,1990,7,20,12,2
50,32.175,2.9,38,0,0,0,0,712729,712804,HPB,8,1991-08-27 12:00:00,1991-08-29 01:30:00,1991,8,27,12,1991,8,29,0,2
51,101.49,8.61,113,0,41,48,0,713127,713352,HPB,8,1991-09-04 19:00:00,1991-09-09 11:30:00,1991,9,4,18,1991,9,9,12,13
52,35.635,4.02,37.5,0,0,30,0,731354,731428,HPB,8,1992-09-18 12:30:00,1992-09-20 01:30:00,1992,9,18,12,1992,9,20,0,2
53,46.19,4.35,23,0,0,18,0,749969,750014,HPB,8,1993-10-11 08:00:00,1993-10-12 06:30:00,1993,10,11,6,1993,10,12,6,8
54,22.06,2.1,24.5,9.5,15,6,0,765342,765390,HPB,8,1994-08-27 14:30:00,1994-08-28 14:30:00,1994,8,27,12,1994,8,28,12,13
55,48.13,5.33,28,0,0,12,0,765532,765587,HPB,8,1994-08-31 13:30:00,1994-09-01 17:00:00,1994,8,31,12,1994,9,1,18,2
56,49.5,4.93,53,34,19,30,0,782863,782968,HPB,8,1995-08-27 15:00:00,1995-08-29 19:30:00,1995,8,27,18,1995,8,29,18,2
57,24.245,1.59,98,0,34,0,0,804146,804341,HPB,8,1996-11-13 00:30:00,1996-11-17 02:00:00,1996,11,13,0,1996,11,17,0,4
58,28.66,3.02,97,0,0,0,0,804641,804834,HPB,8,1996-11-23 08:00:00,1996-11-27 08:30:00,1996,11,23,6,1996,11,27,6,2
59,36.19,2.43,79.5,19,58,0,0,816543,816701,HPB,8,1997-07-29 07:00:00,1997-08-01 14:00:00,1997,7,29,6,1997,8,1,12,2
60,32.205,1.69,103,0,0,18,0,838452,838657,HPB,8,1998-10-28 17:30:00,1998-11-02 00:00:00,1998,10,28,18,1998,11,2,0,2
61,40.515,3.06,72,0,0,0,0,856716,856859,HPB,8,1999-11-13 05:30:00,1999-11-16 05:00:00,1999,11,13,6,1999,11,16,6,2
62,47.84,6.1,65.5,30.5,35,6,0,869724,869854,HPB,8,2000-08-10 05:30:00,2000-08-12 22:30:00,2000,8,10,6,2000,8,13,0,2
63,22.07,1.87,32.5,0,0,0,0,889900,889964,HPB,8,2001-10-04 13:30:00,2001-10-05 21:30:00,2001,10,4,12,2001,10,6,0,7
64,35.43,2.75,42,0,0,12,0,890052,890135,HPB,8,2001-10-07 17:30:00,2001-10-09 11:00:00,2001,10,7,18,2001,10,9,12,7
65,26.045,4.13,30,0,0,0,0,909472,909531,HPB,8,2002-11-16 07:30:00,2002-11-17 13:00:00,2002,11,16,6,2002,11,17,12,2
66,133.51,8.15,93.5,22.5,56.5,12,0,922727,922913,HPB,8,2003-08-19 11:00:00,2003-08-23 08:00:00,2003,8,19,12,2003,8,23,6,12
67,64.04,9.04,90.5,16,41.5,36,0,939977,940157,HPB,8,2004-08-12 20:00:00,2004-08-16 14:00:00,2004,8,12,18,2004,8,16,12,12
68,34.03,3.07,78,0,0,0,0,954672,954827,HPB,8,2005-06-14 23:30:00,2005-06-18 05:00:00,2005,6,15,0,2005,6,18,6,9
69,44.74,3.97,90,0,0,0,0,980215,980394,HPB,8,2006-11-29 03:00:00,2006-12-02 20:30:00,2006,11,29,6,2006,12,2,18,13
70,37.61,3.98,27.5,15,12.5,6,0,994378,994432,HPB,8,2007-09-20 04:30:00,2007-09-21 07:30:00,2007,9,20,6,2007,9,21,6,8
71,69.485,6.68,94.5,0,4,12,0,1013111,1013299,HPB,8,2008-10-14 11:00:00,2008-10-18 09:00:00,2008,10,14,12,2008,10,18,12,8
72,31.1,4.76,81,0,0,18,0,1031003,1031164,HPB,8,2009-10-22 05:00:00,2009-10-25 13:30:00,2009,10,22,6,2009,10,25,12,12
73,31.945,4.58,27,0,0,12,0,1045748,1045801,HPB,8,2010-08-25 09:30:00,2010-08-26 12:00:00,2010,8,25,12,2010,8,26,12,2
1,22.195,3.51,39.5,0,0,12,39.5,12928,13006,HPB,9,1951-09-27 07:30:00,1951-09-28 22:30:00,1951,9,27,6,1951,9,29,0,8
2,41.735,2.81,84.5,27.5,36,0,0,26160,26328,HPB,9,1952-06-28 23:30:00,1952-07-02 11:30:00,1952,6,29,0,1952,7,2,12,2
3,38.645,4.81,38,0,0,30,0,48510,48585,HPB,9,1953-10-07 14:30:00,1953-10-09 04:00:00,1953,10,7,12,1953,10,9,6,9
4,27.225,1.35,52.5,0,0,36,0,67005,67109,HPB,9,1954-10-27 22:00:00,1954-10-30 02:00:00,1954,10,28,0,1954,10,30,0,2
5,57.135,5.48,32,0,0,18,0,81280,81343,HPB,9,1955-08-21 07:30:00,1955-08-22 15:00:00,1955,8,21,6,1955,8,22,18,2
6,28.34,2.61,56,0,0,0,0,101690,101801,HPB,9,1956-10-19 12:30:00,1956-10-21 20:00:00,1956,10,19,12,1956,10,21,18,13
7,51.825,3.75,134,0,0,24,0,115265,115532,HPB,9,1957-07-29 08:00:00,1957-08-03 21:30:00,1957,7,29,6,1957,8,4,0,13
8,68.945,4.72,72,17.5,31,36,0,134812,134955,HPB,9,1958-09-09 13:30:00,1958-09-12 13:00:00,1958,9,9,12,1958,9,12,12,13
9,24.865,2.81,27,0,54,12,0,152442,152495,HPB,9,1959-09-11 20:30:00,1959-09-12 23:00:00,1959,9,11,18,1959,9,13,0,8
10,69.72,3.55,106.5,16,45,30,0,152883,153095,HPB,9,1959-09-21 01:00:00,1959-09-25 11:00:00,1959,9,21,0,1959,9,25,12,8
11,29.83,4.49,16.5,0,0,6,0,168090,168122,HPB,9,1960-08-02 20:30:00,1960-08-03 12:30:00,1960,8,2,18,1960,8,3,12,12
12,27.775,2.05,38.5,0,0,48,0,168375,168451,HPB,9,1960-08-08 19:00:00,1960-08-10 09:00:00,1960,8,8,18,1960,8,10,12,8
13,54.61,7.33,36.5,0,0,42,0,168473,168545,HPB,9,1960-08-10 20:00:00,1960-08-12 08:00:00,1960,8,10,18,1960,8,12,6,2
14,91.94,5.61,45.5,7,54.5,18,0,187048,187138,HPB,9,1961-09-01 19:30:00,1961-09-03 16:30:00,1961,9,1,18,1961,9,3,18,8
15,36.23,2.8,48,31,17,0,0,223555,223650,HPB,9,1963-10-02 09:00:00,1963-10-04 08:30:00,1963,10,2,12,1963,10,4,6,9
16,51.895,2.81,56.5,0,0,0,0,241553,241665,HPB,9,1964-10-11 08:00:00,1964-10-13 16:00:00,1964,10,11,6,1964,10,13,18,8
17,90.98,10.42,65.5,14,31,24,0,256326,256456,HPB,9,1965-08-15 02:30:00,1965-08-17 19:30:00,1965,8,15,0,1965,8,17,18,10
18,23.855,2.16,38,24.5,13.5,6,0,274897,274972,HPB,9,1966-09-06 00:00:00,1966-09-07 13:30:00,1966,9,6,0,1966,9,7,12,10
19,22.295,4.8,16,9.5,4,6,0,292715,292746,HPB,9,1967-09-12 05:00:00,1967-09-12 20:30:00,1967,9,12,6,1967,9,12,18,12
20,28.23,2.71,26,0,0,6,0,311244,311295,HPB,9,1968-10-02 05:30:00,1968-10-03 07:00:00,1968,10,2,6,1968,10,3,6,12
21,39.055,3.69,45.5,21,24.5,0,0,327644,327734,HPB,9,1969-09-08 21:30:00,1969-09-10 18:30:00,1969,9,9,0,1969,9,10,18,12
22,21.19,1.58,41,0,0,12,0,345609,345690,HPB,9,1970-09-18 04:00:00,1970-09-19 20:30:00,1970,9,18,6,1970,9,19,18,12
23,35.715,2.87,97.5,0,0,0,0,365792,365986,HPB,9,1971-11-12 15:30:00,1971-11-16 16:30:00,1971,11,12,18,1971,11,16,18,2
24,36.685,2.88,72,8.5,63.5,0,0,377927,378070,HPB,9,1972-07-22 11:00:00,1972-07-25 10:30:00,1972,7,22,12,1972,7,25,12,2
25,29.71,2.83,43.5,0,0,18,0,398002,398088,HPB,9,1973-09-13 16:30:00,1973-09-15 11:30:00,1973,9,13,18,1973,9,15,12,8
26,34.945,3.09,52,15.5,35.5,24,0,398377,398480,HPB,9,1973-09-21 12:00:00,1973-09-23 15:30:00,1973,9,21,12,1973,9,23,18,9
27,50.73,4.94,61,16.5,39,12,0,416423,416544,HPB,9,1974-10-02 11:00:00,1974-10-04 23:30:00,1974,10,2,12,1974,10,5,0,9
28,37.12,2.58,73.5,0,54.5,42,0,431053,431199,HPB,9,1975-08-03 06:00:00,1975-08-06 07:00:00,1975,8,3,6,1975,8,6,6,9
29,21.14,4.03,32,0,5.5,6,0,447209,447272,HPB,9,1976-07-04 20:00:00,1976-07-06 03:30:00,1976,7,4,18,1976,7,6,6,2
30,53.035,5.27,40.5,31,26,12,0,465146,465226,HPB,9,1977-07-13 12:30:00,1977-07-15 04:30:00,1977,7,13,12,1977,7,15,6,2
31,37.855,2.29,75.5,0,6.5,42,0,484478,484628,HPB,9,1978-08-20 06:30:00,1978-08-23 09:30:00,1978,8,20,6,1978,8,23,12,2
32,20.915,2.38,31,0,0,0,0,501906,501967,HPB,9,1979-08-18 08:30:00,1979-08-19 15:00:00,1979,8,18,6,1979,8,19,18,9
33,43.315,4.91,25,0,0,6,0,502290,502339,HPB,9,1979-08-26 08:30:00,1979-08-27 09:00:00,1979,8,26,6,1979,8,27,12,2
34,26.095,4.05,18,0,0,6,0,502421,502456,HPB,9,1979-08-29 02:00:00,1979-08-29 19:30:00,1979,8,29,0,1979,8,29,18,8
35,56.045,4.66,64.5,0,0,6,0,535030,535158,HPB,9,1981-07-08 10:30:00,1981-07-11 02:30:00,1981,7,8,12,1981,7,11,0,8
36,53.49,3.41,57.5,17,86,24,0,556147,556261,HPB,9,1982-09-21 09:00:00,1982-09-23 18:00:00,1982,9,21,12,1982,9,23,18,8
37,27.57,1.78,64.5,0,0,12,0,571456,571584,HPB,9,1983-08-06 07:30:00,1983-08-08 23:30:00,1983,8,6,6,1983,8,9,0,8
38,22.65,2.53,24.5,0,0,0,0,589598,589646,HPB,9,1984-08-18 06:30:00,1984-08-19 06:30:00,1984,8,18,6,1984,8,19,6,11
39,27.385,2.68,53.5,0,0,6,0,589660,589766,HPB,9,1984-08-19 13:30:00,1984-08-21 18:30:00,1984,8,19,12,1984,8,21,18,2
40,27.465,4.57,80.5,0,0,30,0,610577,610737,HPB,9,1985-10-29 08:00:00,1985-11-01 16:00:00,1985,10,29,6,1985,11,1,18,2
41,41.86,4.51,64.5,0,0,18,0,627505,627633,HPB,9,1986-10-17 00:00:00,1986-10-19 16:00:00,1986,10,17,0,1986,10,19,18,8
42,92.45,7.43,75,39.5,17.5,12,0,640409,640558,HPB,9,1987-07-12 20:00:00,1987-07-15 22:30:00,1987,7,12,18,1987,7,16,0,12
43,55.63,2.18,103,0,0,24,0,677968,678173,HPB,9,1989-09-02 07:30:00,1989-09-06 14:00:00,1989,9,2,6,1989,9,6,12,9
44,35.655,4.1,25,0,0,12,0,694280,694329,HPB,9,1990-08-08 03:30:00,1990-08-09 04:00:00,1990,8,8,6,1990,8,9,6,9
45,65.545,6.1,53.5,36.5,17,18,0,711683,711789,HPB,9,1991-08-05 17:00:00,1991-08-07 22:00:00,1991,8,5,18,1991,8,8,0,9
46,37.085,2.49,57.5,0,0,0,0,730181,730295,HPB,9,1992-08-25 02:00:00,1992-08-27 11:00:00,1992,8,25,0,1992,8,27,12,7
47,43.23,3.92,41,0,0,12,0,730457,730538,HPB,9,1992-08-30 20:00:00,1992-09-01 12:30:00,1992,8,30,18,1992,9,1,12,2
48,55.57,5.53,29.5,17.5,12,12,0,767237,767295,HPB,9,1994-10-06 02:00:00,1994-10-07 07:00:00,1994,10,6,0,1994,10,7,6,2
49,29.09,2.92,37.5,0,0,0,0,779117,779191,HPB,9,1995-06-10 14:00:00,1995-06-12 03:00:00,1995,6,10,12,1995,6,12,6,2
50,35.54,2.33,75,0,63,54,0,800080,800229,HPB,9,1996-08-20 07:30:00,1996-08-23 10:00:00,1996,8,20,6,1996,8,23,12,2
51,40.98,5.25,28.5,16,12.5,6,0,817960,818016,HPB,9,1997-08-27 19:30:00,1997-08-28 23:30:00,1997,8,27,18,1997,8,29,0,13
52,34.17,3.96,49.5,30,19.5,24,0,818070,818168,HPB,9,1997-08-30 02:30:00,1997-09-01 03:30:00,1997,8,30,0,1997,9,1,6,2
53,63.95,3.99,69.5,0,0,42,0,852375,852513,HPB,9,1999-08-14 19:00:00,1999-08-17 16:00:00,1999,8,14,18,1999,8,17,18,8
54,41.08,1.98,51,0,0,48,0,852531,852632,HPB,9,1999-08-18 01:00:00,1999-08-20 03:30:00,1999,8,18,0,1999,8,20,6,13
55,90.825,10.58,38.5,0,0,12,0,870185,870261,HPB,9,2000-08-19 20:00:00,2000-08-21 10:00:00,2000,8,19,18,2000,8,21,12,2
56,40.525,4.28,111,0,0,18,0,885812,886033,HPB,9,2001-07-11 09:30:00,2001-07-16 00:00:00,2001,7,11,12,2001,7,16,0,2
57,75.25,5.61,92,15,45.5,24,0,903316,903499,HPB,9,2002-07-11 01:30:00,2002-07-14 21:00:00,2002,7,11,0,2002,7,15,0,4
58,24.38,1.81,29.5,0,0,0,0,921713,921771,HPB,9,2003-07-29 08:00:00,2003-07-30 13:00:00,2003,7,29,6,2003,7,30,12,2
59,39.115,3.11,84.5,30,54.5,18,0,942386,942554,HPB,9,2004-10-02 00:30:00,2004-10-05 12:30:00,2004,10,2,0,2004,10,5,12,2
60,70.67,4.26,72,0,0,36,0,960965,961108,HPB,9,2005-10-24 02:00:00,2005-10-27 01:30:00,2005,10,24,0,2005,10,27,0,2
61,68.41,5.81,74.5,13,26,12,0,977290,977438,HPB,9,2006-09-29 04:30:00,2006-10-02 06:30:00,2006,9,29,6,2006,10,2,6,2
62,52.265,3.68,73.5,0,0,6,0,995750,995896,HPB,9,2007-10-18 18:30:00,2007-10-21 19:30:00,2007,10,18,18,2007,10,21,18,2
63,76.99,7.4,49,14.5,34.5,24,0,1010970,1011067,HPB,9,2008-08-30 20:30:00,2008-09-01 21:00:00,2008,8,30,18,2008,9,2,0,7
64,28.17,4.6,76,29.5,48,24,0,1028213,1028364,HPB,9,2009-08-25 02:00:00,2009-08-28 05:30:00,2009,8,25,0,2009,8,28,6,7
65,22.585,3.84,89.5,0,0,12,0,1047985,1048163,HPB,9,2010-10-11 00:00:00,2010-10-14 17:00:00,2010,10,11,0,2010,10,14,18,2
1,62.79,4.5,87,23.5,62,0,87,11065,11238,HPB,10,1951-08-19 12:00:00,1951-08-23 02:30:00,1951,8,19,12,1951,8,23,0,8
2,20.52,3.53,18,0,0,6,0,29118,29153,HPB,10,1952-08-29 14:30:00,1952-08-30 08:00:00,1952,8,29,12,1952,8,30,6,2
3,27.085,3.47,25,16.5,8.5,24,0,29240,29289,HPB,10,1952-09-01 03:30:00,1952-09-02 04:00:00,1952,9,1,6,1952,9,2,6,9
4,105.455,5.05,230.5,24.5,67,24,0,61797,62257,HPB,10,1954-07-11 10:00:00,1954-07-21 00:00:00,1954,7,11,12,1954,7,21,0,2
5,56.97,3.38,88,47,41,6,0,79311,79486,HPB,10,1955-07-11 07:00:00,1955-07-14 22:30:00,1955,7,11,6,1955,7,15,0,2
6,24.23,4.02,62,0,0,24,0,98608,98731,HPB,10,1956-08-16 07:30:00,1956-08-18 21:00:00,1956,8,16,6,1956,8,19,0,13
7,38.725,3.11,48,0,0,36,0,117447,117542,HPB,10,1957-09-12 19:00:00,1957-09-14 18:30:00,1957,9,12,18,1957,9,14,18,13
8,22.07,2.99,45,0,0,6,0,136579,136668,HPB,10,1958-10-16 09:00:00,1958-10-18 05:30:00,1958,10,16,12,1958,10,18,6,13
9,27.88,3.24,25,0,0,6,0,136829,136878,HPB,10,1958-10-21 14:00:00,1958-10-22 14:30:00,1958,10,21,12,1958,10,22,12,8
10,52.09,2.5,84.5,0,11.5,6,0,153391,153559,HPB,10,1959-10-01 15:00:00,1959-10-05 03:00:00,1959,10,1,18,1959,10,5,6,8
11,41.855,6.43,99,0,30.5,6,0,168390,168587,HPB,10,1960-08-09 02:30:00,1960-08-13 05:00:00,1960,8,9,0,1960,8,13,6,12
12,22.375,1.3,63,0,27,48,0,187107,187232,HPB,10,1961-09-03 01:00:00,1961-09-05 15:30:00,1961,9,3,0,1961,9,5,18,8
13,32.77,3.99,43,22,21,18,0,202576,202661,HPB,10,1962-07-22 07:30:00,1962-07-24 02:00:00,1962,7,22,6,1962,7,24,0,2
14,48.8,3.93,34.5,0,0,24,0,222827,222895,HPB,10,1963-09-17 05:00:00,1963-09-18 15:00:00,1963,9,17,6,1963,9,18,18,8
15,74.885,5.44,74.5,27.5,47,18,0,239299,239447,HPB,10,1964-08-25 09:00:00,1964-08-28 11:00:00,1964,8,25,12,1964,8,28,12,9
16,30.86,3.24,73,0,0,36,0,259496,259641,HPB,10,1965-10-20 03:30:00,1965-10-23 04:00:00,1965,10,20,6,1965,10,23,6,8
17,58.625,2.79,55,0,0,0,0,290463,290572,HPB,10,1967-07-27 07:00:00,1967-07-29 13:30:00,1967,7,27,6,1967,7,29,12,10
18,35.285,2.92,130.5,0,43.5,0,0,308268,308528,HPB,10,1968-08-01 05:30:00,1968-08-06 15:30:00,1968,8,1,6,1968,8,6,18,10
19,91.455,5.68,73.5,0,73.5,6,0,308541,308687,HPB,10,1968-08-06 22:00:00,1968-08-09 23:00:00,1968,8,7,0,1968,8,10,0,12
20,32.22,2.91,51,0,0,0,0,328104,328205,HPB,10,1969-09-18 11:30:00,1969-09-20 14:00:00,1969,9,18,12,1969,9,20,12,12
21,47.605,2.87,47.5,0,42,24,0,328346,328440,HPB,10,1969-09-23 12:30:00,1969-09-25 11:30:00,1969,9,23,12,1969,9,25,12,12
22,35.44,2.25,60.5,19.5,41,12,0,344375,344495,HPB,10,1970-08-23 11:00:00,1970-08-25 23:00:00,1970,8,23,12,1970,8,26,0,12
23,38.61,3.92,32.5,0,13,0,0,381264,381328,HPB,10,1972-09-29 23:30:00,1972-10-01 07:30:00,1972,9,30,0,1972,10,1,6,2
24,31.365,5.75,43.5,0,0,6,0,399344,399430,HPB,10,1973-10-11 15:30:00,1973-10-13 10:30:00,1973,10,11,18,1973,10,13,12,2
25,114.25,8.38,121.5,8.5,32,6,0,413869,414111,HPB,10,1974-08-10 06:00:00,1974-08-15 07:00:00,1974,8,10,6,1974,8,15,6,8
26,59.72,6.18,62.5,0,0,0,0,436005,436129,HPB,10,1975-11-14 10:00:00,1975-11-17 00:00:00,1975,11,14,12,1975,11,17,0,9
27,39.305,3.85,56,0,47,60,0,449287,449398,HPB,10,1976-08-17 03:00:00,1976-08-19 10:30:00,1976,8,17,6,1976,8,19,12,9
28,26.385,3.22,54,0,0,54,0,449414,449521,HPB,10,1976-08-19 18:30:00,1976-08-22 00:00:00,1976,8,19,18,1976,8,22,0,9
29,41.635,2.42,61,0,0,0,0,466159,466280,HPB,10,1977-08-03 15:00:00,1977-08-06 03:30:00,1977,8,3,18,1977,8,6,6,2
30,20.755,4.19,17,0,0,12,0,483961,483994,HPB,10,1978-08-09 12:00:00,1978-08-10 04:30:00,1978,8,9,12,1978,8,10,6,2
31,26.38,3.1,30.5,8,20,12,0,484170,484230,HPB,10,1978-08-13 20:30:00,1978-08-15 02:30:00,1978,8,13,18,1978,8,15,0,2
32,30.23,2.85,54,0,0,18,0,503972,504079,HPB,10,1979-09-30 09:30:00,1979-10-02 15:00:00,1979,9,30,12,1979,10,2,18,9
33,41.385,2.89,39.5,0,0,18,0,504529,504607,HPB,10,1979-10-12 00:00:00,1979-10-13 15:00:00,1979,10,12,0,1979,10,13,18,2
34,41.465,6.3,44,19,25,6,0,518826,518913,HPB,10,1980-08-04 20:30:00,1980-08-06 16:00:00,1980,8,4,18,1980,8,6,18,8
35,61.495,3.01,44,0,5,30,0,538234,538321,HPB,10,1981-09-13 04:30:00,1981-09-15 00:00:00,1981,9,13,6,1981,9,15,0,8
36,24.495,3.39,34,0,0,12,0,556205,556272,HPB,10,1982-09-22 14:00:00,1982-09-23 23:30:00,1982,9,22,12,1982,9,24,0,8
37,32.39,3.8,57,0,5,12,0,556662,556775,HPB,10,1982-10-02 02:30:00,1982-10-04 11:00:00,1982,10,2,0,1982,10,4,12,8
38,20.39,1.42,38,11,27,18,0,573148,573223,HPB,10,1983-09-10 13:30:00,1983-09-12 03:00:00,1983,9,10,12,1983,9,12,6,11
39,49.525,6.25,51.5,21,30.5,12,0,573512,573614,HPB,10,1983-09-18 03:30:00,1983-09-20 06:30:00,1983,9,18,6,1983,9,20,6,2
40,27.835,2.35,71,0,0,42,0,589969,590110,HPB,10,1984-08-26 00:00:00,1984-08-28 22:30:00,1984,8,26,0,1984,8,29,0,2
41,39.525,2.23,51.5,0,0,18,0,608292,608394,HPB,10,1985-09-11 17:30:00,1985-09-13 20:30:00,1985,9,11,18,1985,9,13,18,8
42,66.86,3.77,85,0,0,36,0,624928,625097,HPB,10,1986-08-24 07:30:00,1986-08-27 20:00:00,1986,8,24,6,1986,8,27,18,12
43,33.825,1.9,83,0,41.5,12,0,645365,645530,HPB,10,1987-10-24 02:00:00,1987-10-27 12:30:00,1987,10,24,0,1987,10,27,12,9
44,26.04,4.56,24,0,0,0,0,645721,645768,HPB,10,1987-10-31 12:00:00,1987-11-01 11:30:00,1987,10,31,12,1987,11,1,12,9
45,22.87,2.59,109,0,0,18,0,663240,663457,HPB,10,1988-10-30 11:30:00,1988-11-04 00:00:00,1988,10,30,12,1988,11,4,0,9
46,39.46,4.55,35,0,0,0,0,679050,679119,HPB,10,1989-09-24 20:30:00,1989-09-26 07:00:00,1989,9,24,18,1989,9,26,6,7
47,32.44,4.16,18.5,0,0,0,0,698979,699015,HPB,10,1990-11-14 01:00:00,1990-11-14 19:00:00,1990,11,14,0,1990,11,14,18,2
48,40.26,2.49,50.5,0,0,6,0,714269,714369,HPB,10,1991-09-28 14:00:00,1991-09-30 16:00:00,1991,9,28,12,1991,9,30,18,2
49,99.07,4.97,128,0,0,24,0,732085,732340,HPB,10,1992-10-03 18:00:00,1992-10-09 01:30:00,1992,10,3,18,1992,10,9,0,2
50,47.455,3.41,39.5,0,0,12,0,746212,746290,HPB,10,1993-07-25 01:30:00,1993-07-26 16:30:00,1993,7,25,0,1993,7,26,18,2
51,30.685,2.47,40.5,0,0,0,0,766460,766540,HPB,10,1994-09-19 21:30:00,1994-09-21 13:30:00,1994,9,20,0,1994,9,21,12,13
52,61.46,3.27,83.5,31,103,18,0,782124,782290,HPB,10,1995-08-12 05:30:00,1995-08-15 16:30:00,1995,8,12,6,1995,8,15,18,2
53,49.465,2.43,112.5,51.5,30.5,12,0,801953,802177,HPB,10,1996-09-28 08:00:00,1996-10-03 00:00:00,1996,9,28,6,1996,10,3,0,8
54,74.32,5.05,62.5,18,29.5,48,0,817792,817916,HPB,10,1997-08-24 07:30:00,1997-08-26 21:30:00,1997,8,24,6,1997,8,27,0,13
55,34.295,4.43,31,0,0,6,0,831383,831444,HPB,10,1998-06-03 11:00:00,1998-06-04 17:30:00,1998,6,3,12,1998,6,4,18,2
56,50.105,3.59,64.5,0,41.5,36,0,853723,853851,HPB,10,1999-09-11 21:00:00,1999-09-14 13:00:00,1999,9,12,0,1999,9,14,12,2
57,30.955,3.84,78.5,0,41.5,0,0,869916,870072,HPB,10,2000-08-14 05:30:00,2000-08-17 11:30:00,2000,8,14,6,2000,8,17,12,4
58,59.99,6.15,40,0,0,12,0,870226,870305,HPB,10,2000-08-20 16:30:00,2000-08-22 08:00:00,2000,8,20,18,2000,8,22,6,2
59,61.92,6.67,67,15,47.5,0,0,890818,890951,HPB,10,2001-10-23 16:30:00,2001-10-26 11:00:00,2001,10,23,18,2001,10,26,12,2
60,71.1,4.04,76,0,0,24,0,905085,905236,HPB,10,2002-08-16 22:00:00,2002-08-20 01:30:00,2002,8,17,0,2002,8,20,0,2
61,48.095,1.45,95,0,8.5,0,0,920443,920632,HPB,10,2003-07-02 21:00:00,2003-07-06 19:30:00,2003,7,3,0,2003,7,6,18,2
62,69.405,4.27,61.5,0,8,30,0,940506,940628,HPB,10,2004-08-23 20:30:00,2004-08-26 09:30:00,2004,8,23,18,2004,8,26,12,2
63,51.965,7.32,24.5,0,0,0,0,957617,957665,HPB,10,2005-08-15 08:00:00,2005-08-16 08:00:00,2005,8,15,6,2005,8,16,6,7
64,34.82,4.28,45,0,0,18,0,976286,976375,HPB,10,2006-09-08 06:30:00,2006-09-10 03:00:00,2006,9,8,6,2006,9,10,6,7
65,46.13,3,32,0,0,24,0,995287,995350,HPB,10,2007-10-09 03:00:00,2007-10-10 10:30:00,2007,10,9,6,2007,10,10,12,2
66,36.78,2.33,61.5,0,0,0,0,1013912,1014034,HPB,10,2008-10-31 03:30:00,2008-11-02 16:30:00,2008,10,31,6,2008,11,2,18,12
67,31.6,3.76,48,0,0,6,0,1030732,1030827,HPB,10,2009-10-16 13:30:00,2009-10-18 13:00:00,2009,10,16,12,2009,10,18,12,12
